cultivo,periodo,provincia,departamento,sup_sem_ha,sup_cos_ha,rend_kgxha,prod_ton
POROTO,1969,CATAMARCA,EL ALTO,13,13.0,1000.0,13
POROTO,1969,CATAMARCA,SANTA ROSA,6,6.0,1000.0,6
POROTO,1969,CORDOBA,SANTA MARIA,9000,4500.0,206.0,927
POROTO,1969,JUJUY,EL CARMEN,500,500.0,1000.0,500
POROTO,1969,JUJUY,SAN ANTONIO,15,15.0,1000.0,15
POROTO,1969,SALTA,ANTA,1000,1000.0,1100.0,1100
POROTO,1969,SALTA,CACHI,400,400.0,1500.0,600
POROTO,1969,SALTA,CAPITAL,40,40.0,1100.0,44
POROTO,1969,SALTA,CERRILLOS,1500,1500.0,1000.0,1500
POROTO,1969,SALTA,CHICOANA,600,600.0,1000.0,600
POROTO,1969,SALTA,GENERAL GUEMES,200,200.0,1000.0,200
POROTO,1969,SALTA,LA CANDELARIA,2000,2000.0,1000.0,2000
POROTO,1969,SALTA,LA VINA,60,60.0,1000.0,60
POROTO,1969,SALTA,METAN,8000,8000.0,1000.0,8000
POROTO,1969,SALTA,ROSARIO DE LA FRONTERA,18000,18000.0,1100.0,19800
POROTO,1969,SALTA,ROSARIO DE LERMA,530,530.0,1445.0,765
POROTO,1969,TUCUMAN,CRUZ ALTA,100,100.0,800.0,80
POROTO,1969,TUCUMAN,TRANCAS,900,900.0,689.0,620
POROTO,1970,CATAMARCA,EL ALTO,11,11.0,727.0,7
POROTO,1970,CATAMARCA,SANTA ROSA,3,3.0,667.0,2
POROTO,1970,CORDOBA,SANTA MARIA,12000,11200.0,947.0,10606
POROTO,1970,JUJUY,EL CARMEN,400,400.0,800.0,320
POROTO,1970,JUJUY,SAN ANTONIO,9,9.0,889.0,8
POROTO,1970,SALTA,ANTA,1200,1200.0,1000.0,1200
POROTO,1970,SALTA,CACHI,400,120.0,900.0,108
POROTO,1970,SALTA,CAPITAL,40,40.0,900.0,36
POROTO,1970,SALTA,CERRILLOS,1500,1300.0,900.0,1170
POROTO,1970,SALTA,CHICOANA,600,540.0,900.0,486
POROTO,1970,SALTA,GENERAL GUEMES,250,250.0,900.0,225
POROTO,1970,SALTA,LA CANDELARIA,2500,1900.0,1000.0,1900
POROTO,1970,SALTA,LA VINA,80,80.0,900.0,72
POROTO,1970,SALTA,METAN,10000,9500.0,950.0,9025
POROTO,1970,SALTA,ROSARIO DE LA FRONTERA,30000,29200.0,999.0,29170
POROTO,1970,SALTA,ROSARIO DE LERMA,550,490.0,1000.0,490
POROTO,1970,TUCUMAN,CRUZ ALTA,100,100.0,800.0,80
POROTO,1970,TUCUMAN,TRANCAS,900,900.0,700.0,630
POROTO,1971,CORDOBA,SANTA MARIA,9380,8880.0,842.0,7476
POROTO,1971,JUJUY,EL CARMEN,198,198.0,1010.0,199
POROTO,1971,JUJUY,SAN ANTONIO,10,10.0,900.0,9
POROTO,1971,SALTA,ANTA,1980,1980.0,909.0,1799
POROTO,1971,SALTA,CACHI,400,400.0,1000.0,400
POROTO,1971,SALTA,CAPITAL,50,50.0,1000.0,50
POROTO,1971,SALTA,CERRILLOS,1500,1500.0,900.0,1350
POROTO,1971,SALTA,CHICOANA,700,700.0,890.0,623
POROTO,1971,SALTA,GENERAL GUEMES,300,300.0,1000.0,300
POROTO,1971,SALTA,LA CANDELARIA,3000,3000.0,957.0,2871
POROTO,1971,SALTA,LA VINA,100,100.0,1000.0,100
POROTO,1971,SALTA,METAN,15000,15000.0,957.0,14355
POROTO,1971,SALTA,ROSARIO DE LA FRONTERA,25000,25000.0,958.0,23950
POROTO,1971,SALTA,ROSARIO DE LERMA,600,600.0,900.0,540
POROTO,1971,TUCUMAN,TRANCAS,2150,2150.0,767.0,1649
POROTO,1972,CORDOBA,SANTA MARIA,8500,5000.0,925.0,4625
POROTO,1972,JUJUY,EL CARMEN,400,400.0,1000.0,400
POROTO,1972,SALTA,ANTA,4000,4000.0,1100.0,4400
POROTO,1972,SALTA,CACHI,400,400.0,1000.0,400
POROTO,1972,SALTA,CAPITAL,100,100.0,1100.0,110
POROTO,1972,SALTA,CERRILLOS,2000,2000.0,1100.0,2200
POROTO,1972,SALTA,CHICOANA,680,680.0,1049.0,713
POROTO,1972,SALTA,GENERAL GUEMES,400,400.0,1000.0,400
POROTO,1972,SALTA,LA CANDELARIA,5000,5000.0,900.0,4500
POROTO,1972,SALTA,LA VINA,100,100.0,1000.0,100
POROTO,1972,SALTA,METAN,25000,25000.0,900.0,22500
POROTO,1972,SALTA,ROSARIO DE LA FRONTERA,31000,31000.0,900.0,27900
POROTO,1972,SALTA,ROSARIO DE LERMA,1000,1000.0,1000.0,1000
POROTO,1972,TUCUMAN,TRANCAS,1700,1210.0,983.0,1189
POROTO,1973,CORDOBA,SANTA MARIA,20000,20000.0,900.0,18000
POROTO,1973,JUJUY,EL CARMEN,500,500.0,900.0,450
POROTO,1973,SALTA,ANTA,3970,3700.0,995.0,3681
POROTO,1973,SALTA,CACHI,400,400.0,1000.0,400
POROTO,1973,SALTA,CAPITAL,150,150.0,1000.0,150
POROTO,1973,SALTA,CERRILLOS,2500,2500.0,966.0,2415
POROTO,1973,SALTA,CHICOANA,700,700.0,1000.0,700
POROTO,1973,SALTA,GENERAL GUEMES,1000,900.0,978.0,880
POROTO,1973,SALTA,LA CANDELARIA,8000,8000.0,1090.0,8720
POROTO,1973,SALTA,LA VINA,150,150.0,1000.0,150
POROTO,1973,SALTA,METAN,22050,22050.0,1165.0,25688
POROTO,1973,SALTA,ORAN,400,400.0,1000.0,400
POROTO,1973,SALTA,ROSARIO DE LA FRONTERA,38000,38000.0,1163.0,44194
POROTO,1973,SALTA,ROSARIO DE LERMA,960,960.0,1000.0,960
POROTO,1973,SANTIAGO DEL ESTERO,PELLEGRINI,700,200.0,1700.0,340
POROTO,1973,TUCUMAN,BURRUYACU,50,50.0,1180.0,59
POROTO,1973,TUCUMAN,CRUZ ALTA,140,140.0,1093.0,153
POROTO,1973,TUCUMAN,GRANEROS,1400,1260.0,1033.0,1301
POROTO,1973,TUCUMAN,TRANCAS,2000,2000.0,1050.0,2100
POROTO,1974,CORDOBA,SANTA MARIA,21000,20000.0,950.0,19000
POROTO,1974,JUJUY,EL CARMEN,700,700.0,907.0,634
POROTO,1974,SALTA,ANTA,7000,7000.0,900.0,6300
POROTO,1974,SALTA,CACHI,400,400.0,1000.0,400
POROTO,1974,SALTA,CAPITAL,200,200.0,1000.0,200
POROTO,1974,SALTA,CERRILLOS,4400,4400.0,782.0,3440
POROTO,1974,SALTA,CHICOANA,800,800.0,900.0,720
POROTO,1974,SALTA,GENERAL GUEMES,1450,1450.0,897.0,1300
POROTO,1974,SALTA,GENERAL JOSE DE SAN MARTIN,1000,1000.0,1000.0,1000
POROTO,1974,SALTA,LA CANDELARIA,11000,8000.0,685.0,5480
POROTO,1974,SALTA,LA VINA,200,200.0,900.0,180
POROTO,1974,SALTA,METAN,29000,28000.0,742.0,20776
POROTO,1974,SALTA,ORAN,1000,1000.0,900.0,900
POROTO,1974,SALTA,ROSARIO DE LA FRONTERA,48500,44500.0,613.0,27278
POROTO,1974,SALTA,ROSARIO DE LERMA,1500,1500.0,800.0,1200
POROTO,1974,SANTIAGO DEL ESTERO,PELLEGRINI,1100,910.0,1187.0,1080
POROTO,1974,TUCUMAN,BURRUYACU,7000,7000.0,1200.0,8400
POROTO,1974,TUCUMAN,CRUZ ALTA,350,350.0,1300.0,455
POROTO,1974,TUCUMAN,GRANEROS,3500,1750.0,999.0,1748
POROTO,1974,TUCUMAN,LEALES,300,300.0,1000.0,300
POROTO,1974,TUCUMAN,TRANCAS,2700,760.0,995.0,756
POROTO,1975,CATAMARCA,EL ALTO,30,30.0,800.0,24
POROTO,1975,CATAMARCA,SANTA ROSA,60,60.0,800.0,48
POROTO,1975,CORDOBA,SANTA MARIA,10110,9950.0,700.0,6965
POROTO,1975,JUJUY,EL CARMEN,300,300.0,1050.0,315
POROTO,1975,JUJUY,SAN PEDRO,200,200.0,1200.0,240
POROTO,1975,SALTA,ANTA,6700,6700.0,1110.0,7437
POROTO,1975,SALTA,CAPITAL,250,250.0,1500.0,375
POROTO,1975,SALTA,CERRILLOS,8125,8125.0,1600.0,13000
POROTO,1975,SALTA,CHICOANA,1500,1500.0,1467.0,2200
POROTO,1975,SALTA,GENERAL GUEMES,1450,1450.0,1010.0,1464
POROTO,1975,SALTA,GENERAL JOSE DE SAN MARTIN,5500,5500.0,1200.0,6600
POROTO,1975,SALTA,LA CANDELARIA,8800,8800.0,1109.0,9759
POROTO,1975,SALTA,LA VINA,710,710.0,1338.0,949
POROTO,1975,SALTA,METAN,28450,28450.0,1095.0,31152
POROTO,1975,SALTA,ORAN,1500,1500.0,1200.0,1800
POROTO,1975,SALTA,ROSARIO DE LA FRONTERA,48145,48145.0,1103.0,53103
POROTO,1975,SALTA,ROSARIO DE LERMA,2500,2500.0,1600.0,4000
POROTO,1975,SANTIAGO DEL ESTERO,JIMENEZ,600,455.0,1923.0,874
POROTO,1975,SANTIAGO DEL ESTERO,PELLEGRINI,6000,4330.0,2202.0,9534
POROTO,1975,TUCUMAN,BURRUYACU,6300,6300.0,1206.0,7597
POROTO,1975,TUCUMAN,CRUZ ALTA,750,750.0,1300.0,975
POROTO,1975,TUCUMAN,GRANEROS,3000,3000.0,1192.0,3576
POROTO,1975,TUCUMAN,LEALES,372,372.0,1099.0,408
POROTO,1975,TUCUMAN,TRANCAS,2800,2800.0,1229.0,3441
POROTO,1976,CATAMARCA,EL ALTO,30,30.0,900.0,27
POROTO,1976,CATAMARCA,SANTA ROSA,60,60.0,900.0,54
POROTO,1976,CORDOBA,SANTA MARIA,6890,6890.0,762.0,5250
POROTO,1976,JUJUY,EL CARMEN,590,590.0,1403.0,827
POROTO,1976,JUJUY,SAN PEDRO,650,650.0,1400.0,910
POROTO,1976,JUJUY,SANTA BARBARA,400,400.0,1400.0,560
POROTO,1976,SALTA,ANTA,19000,19000.0,1368.0,25992
POROTO,1976,SALTA,CACHI,130,130.0,1346.0,174
POROTO,1976,SALTA,CAPITAL,250,250.0,1400.0,350
POROTO,1976,SALTA,CERRILLOS,8000,7850.0,1204.0,9451
POROTO,1976,SALTA,CHICOANA,1700,1700.0,1176.0,1999
POROTO,1976,SALTA,GENERAL GUEMES,1000,1000.0,1200.0,1200
POROTO,1976,SALTA,GENERAL JOSE DE SAN MARTIN,6000,6000.0,1300.0,7800
POROTO,1976,SALTA,LA CANDELARIA,10000,10000.0,1150.0,11500
POROTO,1976,SALTA,LA VINA,800,800.0,1188.0,950
POROTO,1976,SALTA,METAN,44500,40700.0,631.0,25681
POROTO,1976,SALTA,ORAN,3000,3000.0,1333.0,3999
POROTO,1976,SALTA,ROSARIO DE LA FRONTERA,55000,45500.0,730.0,33215
POROTO,1976,SALTA,ROSARIO DE LERMA,2000,1950.0,1282.0,2499
POROTO,1976,SANTIAGO DEL ESTERO,JIMENEZ,700,700.0,900.0,630
POROTO,1976,SANTIAGO DEL ESTERO,PELLEGRINI,8000,8000.0,938.0,7504
POROTO,1976,TUCUMAN,BURRUYACU,5290,5020.0,848.0,4256
POROTO,1976,TUCUMAN,CRUZ ALTA,670,620.0,903.0,559
POROTO,1976,TUCUMAN,GRANEROS,1990,1990.0,900.0,1791
POROTO,1976,TUCUMAN,LEALES,280,200.0,915.0,183
POROTO,1976,TUCUMAN,TRANCAS,2250,2250.0,901.0,2027
POROTO,1977,CATAMARCA,EL ALTO,30,30.0,1000.0,30
POROTO,1977,CATAMARCA,SANTA ROSA,70,70.0,1000.0,70
POROTO,1977,JUJUY,EL CARMEN,800,800.0,933.0,746
POROTO,1977,JUJUY,SAN PEDRO,860,860.0,1035.0,890
POROTO,1977,JUJUY,SANTA BARBARA,930,930.0,1043.0,969
POROTO,1977,SALTA,ANTA,9000,8500.0,1024.0,8704
POROTO,1977,SALTA,CACHI,200,200.0,1000.0,200
POROTO,1977,SALTA,CAPITAL,500,500.0,900.0,450
POROTO,1977,SALTA,CERRILLOS,2300,1950.0,903.0,1760
POROTO,1977,SALTA,CHICOANA,1050,1050.0,871.0,914
POROTO,1977,SALTA,GENERAL GUEMES,1300,1300.0,1046.0,1359
POROTO,1977,SALTA,GENERAL JOSE DE SAN MARTIN,6300,5900.0,1186.0,6997
POROTO,1977,SALTA,LA CANDELARIA,6400,5600.0,1000.0,5600
POROTO,1977,SALTA,LA VINA,650,650.0,877.0,570
POROTO,1977,SALTA,METAN,30100,27100.0,996.0,26991
POROTO,1977,SALTA,ORAN,3640,3300.0,970.0,3201
POROTO,1977,SALTA,ROSARIO DE LA FRONTERA,39000,34700.0,951.0,32999
POROTO,1977,SALTA,ROSARIO DE LERMA,1400,1290.0,853.0,1100
POROTO,1977,SANTIAGO DEL ESTERO,JIMENEZ,2000,2000.0,1000.0,2000
POROTO,1977,SANTIAGO DEL ESTERO,PELLEGRINI,16000,16000.0,1013.0,16208
POROTO,1977,TUCUMAN,BURRUYACU,6000,5400.0,1000.0,5400
POROTO,1977,TUCUMAN,CRUZ ALTA,2500,2300.0,1000.0,2300
POROTO,1977,TUCUMAN,GRANEROS,3000,2900.0,1000.0,2900
POROTO,1977,TUCUMAN,LEALES,1000,900.0,1000.0,900
POROTO,1977,TUCUMAN,TRANCAS,2000,2000.0,1000.0,2000
POROTO,1978,CATAMARCA,EL ALTO,30,30.0,1200.0,36
POROTO,1978,CATAMARCA,SANTA ROSA,1310,1280.0,904.0,1157
POROTO,1978,CORDOBA,SANTA MARIA,5500,5500.0,1062.0,5841
POROTO,1978,JUJUY,EL CARMEN,820,820.0,1000.0,820
POROTO,1978,JUJUY,SAN PEDRO,1470,1470.0,1100.0,1617
POROTO,1978,JUJUY,SANTA BARBARA,3080,3080.0,1090.0,3357
POROTO,1978,SALTA,ANTA,29250,29250.0,955.0,27933
POROTO,1978,SALTA,CACHI,350,350.0,1100.0,385
POROTO,1978,SALTA,CERRILLOS,6511,6511.0,850.0,5534
POROTO,1978,SALTA,CHICOANA,1690,1590.0,806.0,1281
POROTO,1978,SALTA,GENERAL GUEMES,4758,4758.0,909.0,4325
POROTO,1978,SALTA,GENERAL JOSE DE SAN MARTIN,13950,13950.0,1014.0,14145
POROTO,1978,SALTA,LA CANDELARIA,8522,8522.0,907.0,7729
POROTO,1978,SALTA,LA VINA,1660,1660.0,723.0,1200
POROTO,1978,SALTA,METAN,34850,34850.0,918.0,31992
POROTO,1978,SALTA,ORAN,7050,7050.0,1007.0,7099
POROTO,1978,SALTA,ROSARIO DE LA FRONTERA,42620,42620.0,930.0,39636
POROTO,1978,SALTA,ROSARIO DE LERMA,160,160.0,750.0,120
POROTO,1978,SANTIAGO DEL ESTERO,CHOYA,1500,1500.0,1153.0,1729
POROTO,1978,SANTIAGO DEL ESTERO,GUASAYAN,2500,2000.0,1300.0,2600
POROTO,1978,SANTIAGO DEL ESTERO,JIMENEZ,11500,11000.0,1336.0,14696
POROTO,1978,SANTIAGO DEL ESTERO,PELLEGRINI,22000,21200.0,1349.0,28598
POROTO,1978,TUCUMAN,BURRUYACU,12923,11611.0,1125.0,13062
POROTO,1978,TUCUMAN,CRUZ ALTA,3018,2758.0,1122.0,3094
POROTO,1978,TUCUMAN,GRANEROS,3460,3284.0,1080.0,3546
POROTO,1978,TUCUMAN,LEALES,2651,2210.0,1111.0,2455
POROTO,1978,TUCUMAN,TRANCAS,5548,5137.0,1002.0,5147
POROTO,1979,CATAMARCA,EL ALTO,50,40.0,800.0,32
POROTO,1979,CATAMARCA,SANTA ROSA,2560,2210.0,732.0,1617
POROTO,1979,CORDOBA,SANTA MARIA,4000,4000.0,1066.0,4264
POROTO,1979,JUJUY,EL CARMEN,1150,1050.0,900.0,945
POROTO,1979,JUJUY,SAN PEDRO,4950,4365.0,882.0,3849
POROTO,1979,JUJUY,SANTA BARBARA,4750,4400.0,990.0,4356
POROTO,1979,SALTA,ANTA,36400,33600.0,721.0,24225
POROTO,1979,SALTA,CACHI,350,350.0,1000.0,350
POROTO,1979,SALTA,CAPITAL,1650,1550.0,816.0,1264
POROTO,1979,SALTA,CERRILLOS,5000,4700.0,900.0,4230
POROTO,1979,SALTA,CHICOANA,900,850.0,732.0,622
POROTO,1979,SALTA,GENERAL GUEMES,3350,2950.0,800.0,2360
POROTO,1979,SALTA,GENERAL JOSE DE SAN MARTIN,19250,16150.0,700.0,11305
POROTO,1979,SALTA,LA CANDELARIA,7450,6900.0,642.0,4429
POROTO,1979,SALTA,LA VINA,1900,1190.0,686.0,816
POROTO,1979,SALTA,METAN,28400,25900.0,733.0,18984
POROTO,1979,SALTA,ORAN,12700,10650.0,726.0,7731
POROTO,1979,SALTA,ROSARIO DE LA FRONTERA,39740,35950.0,595.0,21390
POROTO,1979,SALTA,ROSARIO DE LERMA,200,150.0,700.0,105
POROTO,1979,SANTIAGO DEL ESTERO,CHOYA,480,400.0,553.0,221
POROTO,1979,SANTIAGO DEL ESTERO,GUASAYAN,120,120.0,500.0,60
POROTO,1979,SANTIAGO DEL ESTERO,JIMENEZ,11673,10069.0,652.0,6564
POROTO,1979,SANTIAGO DEL ESTERO,PELLEGRINI,25579,21393.0,645.0,13798
POROTO,1979,SANTIAGO DEL ESTERO,RIO HONDO,370,240.0,779.0,186
POROTO,1979,TUCUMAN,BURRUYACU,12098,4620.0,772.0,3566
POROTO,1979,TUCUMAN,CRUZ ALTA,1407,522.0,743.0,387
POROTO,1979,TUCUMAN,GRANEROS,2358,964.0,772.0,744
POROTO,1979,TUCUMAN,LEALES,2877,1044.0,739.0,771
POROTO,1979,TUCUMAN,TRANCAS,3260,850.0,626.0,532
POROTO,1980,CATAMARCA,EL ALTO,80,80.0,1000.0,80
POROTO,1980,CATAMARCA,SANTA ROSA,2800,2800.0,1000.0,2800
POROTO,1980,CORDOBA,SANTA MARIA,3200,3200.0,1000.0,3200
POROTO,1980,JUJUY,EL CARMEN,700,700.0,1014.0,709
POROTO,1980,JUJUY,SAN PEDRO,4000,4000.0,1135.0,4540
POROTO,1980,JUJUY,SANTA BARBARA,4000,4000.0,1040.0,4160
POROTO,1980,SALTA,ANTA,37600,36350.0,1187.0,43147
POROTO,1980,SALTA,CACHI,150,150.0,1000.0,150
POROTO,1980,SALTA,CAPITAL,1710,1710.0,1136.0,1942
POROTO,1980,SALTA,CERRILLOS,3300,3300.0,1042.0,3438
POROTO,1980,SALTA,CHICOANA,250,250.0,920.0,230
POROTO,1980,SALTA,GENERAL GUEMES,2590,2590.0,1098.0,2843
POROTO,1980,SALTA,GENERAL JOSE DE SAN MARTIN,16450,15750.0,1138.0,17923
POROTO,1980,SALTA,LA CANDELARIA,6550,6550.0,863.0,5652
POROTO,1980,SALTA,LA VINA,2060,2060.0,978.0,2014
POROTO,1980,SALTA,METAN,27100,24150.0,776.0,18740
POROTO,1980,SALTA,ORAN,4710,4710.0,1157.0,5449
POROTO,1980,SALTA,ROSARIO DE LA FRONTERA,34950,30650.0,783.0,23998
POROTO,1980,SANTIAGO DEL ESTERO,CHOYA,379,379.0,1325.0,502
POROTO,1980,SANTIAGO DEL ESTERO,GUASAYAN,86,86.0,1302.0,111
POROTO,1980,SANTIAGO DEL ESTERO,JIMENEZ,10880,10880.0,1357.0,14764
POROTO,1980,SANTIAGO DEL ESTERO,PELLEGRINI,23230,23230.0,1350.0,31360
POROTO,1980,SANTIAGO DEL ESTERO,RIO HONDO,380,380.0,1350.0,513
POROTO,1980,TUCUMAN,BURRUYACU,14400,13700.0,1058.0,14494
POROTO,1980,TUCUMAN,CRUZ ALTA,3000,2900.0,1060.0,3074
POROTO,1980,TUCUMAN,GRANEROS,900,830.0,1084.0,899
POROTO,1980,TUCUMAN,LEALES,3030,2930.0,1067.0,3126
POROTO,1980,TUCUMAN,TRANCAS,3670,3600.0,1056.0,3801
POROTO,1981,CATAMARCA,EL ALTO,80,80.0,1000.0,80
POROTO,1981,CATAMARCA,SANTA ROSA,2000,2000.0,995.0,1990
POROTO,1981,CORDOBA,SANTA MARIA,4000,4000.0,1110.0,4440
POROTO,1981,JUJUY,EL CARMEN,1340,1340.0,1014.0,1358
POROTO,1981,JUJUY,SAN ANTONIO,30,30.0,1000.0,30
POROTO,1981,JUJUY,SAN PEDRO,2800,2800.0,1010.0,2828
POROTO,1981,JUJUY,SANTA BARBARA,2680,2680.0,1018.0,2728
POROTO,1981,SALTA,ANTA,55350,55350.0,1176.0,65091
POROTO,1981,SALTA,CACHI,1890,1890.0,1095.0,2069
POROTO,1981,SALTA,CAPITAL,540,540.0,1120.0,604
POROTO,1981,SALTA,CERRILLOS,3450,3300.0,1198.0,3953
POROTO,1981,SALTA,CHICOANA,360,360.0,1000.0,360
POROTO,1981,SALTA,GENERAL GUEMES,4950,4950.0,1100.0,5445
POROTO,1981,SALTA,GENERAL JOSE DE SAN MARTIN,20700,20450.0,1057.0,21615
POROTO,1981,SALTA,LA CANDELARIA,8700,6700.0,1190.0,7973
POROTO,1981,SALTA,LA VINA,1460,1460.0,1000.0,1460
POROTO,1981,SALTA,METAN,21750,21650.0,866.0,18748
POROTO,1981,SALTA,ORAN,5850,5850.0,1063.0,6218
POROTO,1981,SALTA,ROSARIO DE LA FRONTERA,31400,28300.0,853.0,24139
POROTO,1981,SANTIAGO DEL ESTERO,CHOYA,320,320.0,1316.0,421
POROTO,1981,SANTIAGO DEL ESTERO,GUASAYAN,77,77.0,1299.0,100
POROTO,1981,SANTIAGO DEL ESTERO,JIMENEZ,18267,18267.0,1380.0,25208
POROTO,1981,SANTIAGO DEL ESTERO,PELLEGRINI,20016,20016.0,1352.0,27061
POROTO,1981,SANTIAGO DEL ESTERO,RIO HONDO,413,413.0,1375.0,567
POROTO,1981,TUCUMAN,BURRUYACU,5979,5919.0,1009.0,5972
POROTO,1981,TUCUMAN,CRUZ ALTA,2280,2280.0,1146.0,2612
POROTO,1981,TUCUMAN,GRANEROS,2167,2167.0,1061.0,2299
POROTO,1981,TUCUMAN,LEALES,2162,2102.0,1125.0,2364
POROTO,1981,TUCUMAN,TRANCAS,3412,3352.0,969.0,3248
POROTO,1982,CATAMARCA,EL ALTO,100,100.0,1270.0,127
POROTO,1982,CATAMARCA,SANTA ROSA,1155,1155.0,1294.0,1494
POROTO,1982,CORDOBA,SANTA MARIA,3800,3800.0,1313.0,4989
POROTO,1982,JUJUY,EL CARMEN,3450,3000.0,1200.0,3600
POROTO,1982,JUJUY,SAN ANTONIO,100,100.0,1200.0,120
POROTO,1982,JUJUY,SAN PEDRO,6360,4360.0,1197.0,5218
POROTO,1982,JUJUY,SANTA BARBARA,5000,3500.0,1200.0,4200
POROTO,1982,SALTA,ANTA,45800,32300.0,984.0,31783
POROTO,1982,SALTA,CACHI,200,200.0,1000.0,200
POROTO,1982,SALTA,CAPITAL,1400,750.0,844.0,633
POROTO,1982,SALTA,CERRILLOS,5900,5750.0,1267.0,7285
POROTO,1982,SALTA,CHICOANA,900,250.0,600.0,150
POROTO,1982,SALTA,GENERAL GUEMES,6700,6550.0,626.0,4100
POROTO,1982,SALTA,GENERAL JOSE DE SAN MARTIN,21900,18200.0,1183.0,21530
POROTO,1982,SALTA,LA CANDELARIA,4300,4300.0,1088.0,4678
POROTO,1982,SALTA,LA VINA,800,150.0,720.0,108
POROTO,1982,SALTA,METAN,15600,15100.0,1132.0,17093
POROTO,1982,SALTA,ORAN,7600,6400.0,1052.0,6732
POROTO,1982,SALTA,ROSARIO DE LA FRONTERA,33300,32700.0,1038.0,33942
POROTO,1982,SANTIAGO DEL ESTERO,CHOYA,320,320.0,1184.0,378
POROTO,1982,SANTIAGO DEL ESTERO,GUASAYAN,77,77.0,1169.0,90
POROTO,1982,SANTIAGO DEL ESTERO,JIMENEZ,14298,14298.0,1234.0,17643
POROTO,1982,SANTIAGO DEL ESTERO,PELLEGRINI,20028,20028.0,1214.0,24313
POROTO,1982,SANTIAGO DEL ESTERO,RIO HONDO,320,320.0,1259.0,402
POROTO,1982,TUCUMAN,BURRUYACU,6600,6450.0,806.0,5198
POROTO,1982,TUCUMAN,CRUZ ALTA,3300,3250.0,923.0,2999
POROTO,1982,TUCUMAN,GRANEROS,1200,1050.0,952.0,999
POROTO,1982,TUCUMAN,LEALES,1560,1170.0,769.0,899
POROTO,1982,TUCUMAN,TRANCAS,4640,4200.0,976.0,4099
POROTO,1983,CATAMARCA,EL ALTO,100,100.0,800.0,80
POROTO,1983,CATAMARCA,SANTA ROSA,1140,1140.0,856.0,975
POROTO,1983,CORDOBA,SANTA MARIA,4300,3950.0,1228.0,4850
POROTO,1983,JUJUY,EL CARMEN,3500,3350.0,1000.0,3350
POROTO,1983,JUJUY,SAN PEDRO,8900,8500.0,1000.0,8500
POROTO,1983,JUJUY,SANTA BARBARA,1300,1300.0,1000.0,1300
POROTO,1983,SALTA,ANTA,41000,34250.0,971.0,33256
POROTO,1983,SALTA,CACHI,200,200.0,1000.0,200
POROTO,1983,SALTA,CAPITAL,1200,1050.0,1000.0,1050
POROTO,1983,SALTA,CERRILLOS,5200,4000.0,800.0,3200
POROTO,1983,SALTA,CHICOANA,700,500.0,800.0,400
POROTO,1983,SALTA,GENERAL GUEMES,6000,4000.0,1020.0,4080
POROTO,1983,SALTA,GENERAL JOSE DE SAN MARTIN,25000,21000.0,1080.0,22680
POROTO,1983,SALTA,LA CANDELARIA,4000,3550.0,1225.0,4348
POROTO,1983,SALTA,LA VINA,500,450.0,980.0,441
POROTO,1983,SALTA,METAN,14000,12300.0,1080.0,13284
POROTO,1983,SALTA,ORAN,6000,5400.0,960.0,5184
POROTO,1983,SALTA,ROSARIO DE LA FRONTERA,26000,22600.0,960.0,21696
POROTO,1983,SANTIAGO DEL ESTERO,CHOYA,300,280.0,1150.0,322
POROTO,1983,SANTIAGO DEL ESTERO,GUASAYAN,60,60.0,1000.0,60
POROTO,1983,SANTIAGO DEL ESTERO,JIMENEZ,13000,12620.0,1244.0,15699
POROTO,1983,SANTIAGO DEL ESTERO,PELLEGRINI,18271,17771.0,1183.0,21023
POROTO,1983,SANTIAGO DEL ESTERO,RIO HONDO,280,280.0,1250.0,350
POROTO,1983,TUCUMAN,BURRUYACU,6500,6170.0,801.0,4942
POROTO,1983,TUCUMAN,CRUZ ALTA,3200,3040.0,803.0,2441
POROTO,1983,TUCUMAN,GRANEROS,1200,1140.0,807.0,919
POROTO,1983,TUCUMAN,LEALES,1500,1420.0,803.0,1140
POROTO,1983,TUCUMAN,TRANCAS,4600,4370.0,998.0,4361
POROTO,1986,CATAMARCA,EL ALTO,110,110.0,1091.0,120
POROTO,1989,SALTA,ANTA,144000,140500.0,966.0,135723
POROTO,1989,TUCUMAN,BURRUYACU,17200,16400.0,955.0,15662
POROTO,1990,CATAMARCA,EL ALTO,1800,1800.0,1100.0,1980
POROTO,1990,CATAMARCA,SANTA ROSA,2700,2700.0,1119.0,3021
POROTO,1990,JUJUY,EL CARMEN,7500,7500.0,1156.0,8670
POROTO,1990,JUJUY,SAN PEDRO,5750,5750.0,1180.0,6785
POROTO,1990,SALTA,ANTA,1500,1500.0,1200.0,1800
POROTO,1990,SALTA,GENERAL GUEMES,16350,16350.0,1370.0,22399
POROTO,1990,SALTA,GENERAL JOSE DE SAN MARTIN,58230,58230.0,1352.0,78726
POROTO,1990,SALTA,LA CANDELARIA,7800,7800.0,1157.0,9024
POROTO,1990,SALTA,METAN,12050,12050.0,1315.0,15845
POROTO,1990,SALTA,ORAN,18850,18850.0,1334.0,25145
POROTO,1990,SALTA,ROSARIO DE LA FRONTERA,14100,14100.0,1225.0,17272
POROTO,1990,SANTIAGO DEL ESTERO,CHOYA,900,900.0,1000.0,900
POROTO,1990,SANTIAGO DEL ESTERO,GUASAYAN,6000,6000.0,1200.0,7200
POROTO,1990,SANTIAGO DEL ESTERO,JIMENEZ,9100,9100.0,1188.0,10810
POROTO,1990,SANTIAGO DEL ESTERO,PELLEGRINI,11300,11300.0,1162.0,13130
POROTO,1990,SANTIAGO DEL ESTERO,RIO HONDO,200,200.0,1000.0,200
POROTO,1990,TUCUMAN,BURRUYACU,5100,5100.0,1214.0,6191
POROTO,1990,TUCUMAN,CRUZ ALTA,1400,1400.0,1171.0,1639
POROTO,1990,TUCUMAN,GRANEROS,1700,1700.0,1200.0,2040
POROTO,1990,TUCUMAN,LEALES,600,600.0,1000.0,600
POROTO,1990,TUCUMAN,TRANCAS,6700,6700.0,1225.0,8207
POROTO,1991,CATAMARCA,EL ALTO,700,700.0,1000.0,700
POROTO,1991,CATAMARCA,SANTA ROSA,1200,1200.0,1067.0,1280
POROTO,1991,JUJUY,EL CARMEN,2100,2100.0,1000.0,2100
POROTO,1991,JUJUY,SAN PEDRO,3100,3100.0,948.0,2938
POROTO,1991,JUJUY,SANTA BARBARA,3000,3000.0,950.0,2850
POROTO,1991,SALTA,ANTA,4950,4650.0,952.0,4426
POROTO,1991,SALTA,CAPITAL,7350,7350.0,1061.0,7798
POROTO,1991,SALTA,GENERAL GUEMES,7650,7650.0,1051.0,8040
POROTO,1991,SALTA,GENERAL JOSE DE SAN MARTIN,83350,83150.0,1347.0,112003
POROTO,1991,SALTA,LA CANDELARIA,8200,8100.0,978.0,7921
POROTO,1991,SALTA,METAN,16300,15250.0,986.0,15036
POROTO,1991,SALTA,ORAN,7150,7150.0,1064.0,7607
POROTO,1991,SALTA,ROSARIO DE LA FRONTERA,18100,16350.0,819.0,13390
POROTO,1991,SANTIAGO DEL ESTERO,CHOYA,800,800.0,1000.0,800
POROTO,1991,SANTIAGO DEL ESTERO,GUASAYAN,2200,2200.0,1091.0,2400
POROTO,1991,SANTIAGO DEL ESTERO,JIMENEZ,4300,4300.0,1109.0,4768
POROTO,1991,SANTIAGO DEL ESTERO,PELLEGRINI,6400,6400.0,1197.0,7660
POROTO,1991,SANTIAGO DEL ESTERO,RIO HONDO,300,300.0,1000.0,300
POROTO,1991,TUCUMAN,BURRUYACU,2700,2600.0,1173.0,3049
POROTO,1991,TUCUMAN,CRUZ ALTA,600,550.0,1455.0,800
POROTO,1991,TUCUMAN,GRANEROS,700,700.0,1200.0,840
POROTO,1991,TUCUMAN,LEALES,200,100.0,1000.0,100
POROTO,1991,TUCUMAN,TRANCAS,2300,2200.0,1268.0,2789
POROTO,1992,CATAMARCA,EL ALTO,980,980.0,1200.0,1176
POROTO,1992,CATAMARCA,SANTA ROSA,2220,2220.0,1200.0,2664
POROTO,1992,CORDOBA,SANTA MARIA,1300,1300.0,1000.0,1300
POROTO,1992,JUJUY,EL CARMEN,1300,1300.0,1000.0,1300
POROTO,1992,JUJUY,SAN PEDRO,2500,2500.0,1100.0,2750
POROTO,1992,JUJUY,SANTA BARBARA,2500,2500.0,1100.0,2750
POROTO,1992,SALTA,ANTA,1000,1000.0,900.0,900
POROTO,1992,SALTA,CAPITAL,6300,6250.0,1024.0,6400
POROTO,1992,SALTA,GENERAL GUEMES,6300,6300.0,1016.0,6400
POROTO,1992,SALTA,GENERAL JOSE DE SAN MARTIN,53000,52100.0,1126.0,58664
POROTO,1992,SALTA,LA CANDELARIA,12000,10650.0,1092.0,11629
POROTO,1992,SALTA,METAN,16500,16500.0,1094.0,18051
POROTO,1992,SALTA,ORAN,6400,6250.0,1008.0,6300
POROTO,1992,SALTA,ROSARIO DE LA FRONTERA,18000,16500.0,1173.0,19354
POROTO,1992,SANTIAGO DEL ESTERO,CHOYA,800,750.0,1000.0,750
POROTO,1992,SANTIAGO DEL ESTERO,GUASAYAN,2300,2100.0,1000.0,2100
POROTO,1992,SANTIAGO DEL ESTERO,JIMENEZ,4200,3900.0,1018.0,3970
POROTO,1992,SANTIAGO DEL ESTERO,PELLEGRINI,6600,6400.0,1092.0,6988
POROTO,1992,SANTIAGO DEL ESTERO,RIO HONDO,300,300.0,1100.0,330
POROTO,1992,TUCUMAN,BURRUYACU,2700,2600.0,1246.0,3239
POROTO,1992,TUCUMAN,CRUZ ALTA,700,650.0,1100.0,715
POROTO,1992,TUCUMAN,GRANEROS,2200,2050.0,1100.0,2255
POROTO,1992,TUCUMAN,LEALES,200,100.0,1000.0,100
POROTO,1992,TUCUMAN,TRANCAS,2300,2200.0,1232.0,2710
POROTO,1993,CATAMARCA,EL ALTO,1100,1100.0,1386.0,1524
POROTO,1993,CATAMARCA,SANTA ROSA,1900,1900.0,1382.0,2625
POROTO,1993,CORDOBA,SANTA MARIA,2000,2000.0,1500.0,3000
POROTO,1993,JUJUY,EL CARMEN,4500,3500.0,1200.0,4200
POROTO,1993,JUJUY,SAN PEDRO,5200,1300.0,1100.0,1430
POROTO,1993,JUJUY,SANTA BARBARA,1300,900.0,1200.0,1080
POROTO,1993,SALTA,ANTA,5000,5000.0,1180.0,5900
POROTO,1993,SALTA,CAPITAL,5600,5100.0,1200.0,6120
POROTO,1993,SALTA,CERRILLOS,5600,5100.0,1200.0,6120
POROTO,1993,SALTA,GENERAL GUEMES,11700,9100.0,1200.0,10920
POROTO,1993,SALTA,GENERAL JOSE DE SAN MARTIN,63000,57000.0,1200.0,68400
POROTO,1993,SALTA,LA CANDELARIA,3900,3000.0,1200.0,3600
POROTO,1993,SALTA,METAN,15900,15500.0,1100.0,17050
POROTO,1993,SALTA,ORAN,16200,13100.0,1200.0,15720
POROTO,1993,SALTA,ROSARIO DE LA FRONTERA,21100,20000.0,1100.0,22000
POROTO,1993,SANTIAGO DEL ESTERO,CHOYA,1200,960.0,895.0,859
POROTO,1993,SANTIAGO DEL ESTERO,GUASAYAN,3250,2550.0,800.0,2040
POROTO,1993,SANTIAGO DEL ESTERO,JIMENEZ,6200,5720.0,1180.0,6749
POROTO,1993,SANTIAGO DEL ESTERO,PELLEGRINI,5800,5330.0,1115.0,5942
POROTO,1993,SANTIAGO DEL ESTERO,RIO HONDO,850,750.0,1268.0,951
POROTO,1993,TUCUMAN,BURRUYACU,2950,2780.0,1091.0,3032
POROTO,1993,TUCUMAN,CRUZ ALTA,630,570.0,961.0,547
POROTO,1993,TUCUMAN,GRANEROS,2800,2600.0,998.0,2594
POROTO,1993,TUCUMAN,LEALES,370,350.0,1086.0,380
POROTO,1993,TUCUMAN,TRANCAS,1900,1750.0,1141.0,1996
POROTO,1994,CATAMARCA,EL ALTO,2050,2050.0,1398.0,2865
POROTO,1994,CATAMARCA,SANTA ROSA,5150,5150.0,1397.0,7194
POROTO,1994,CORDOBA,SANTA MARIA,2000,2000.0,1000.0,2000
POROTO,1994,JUJUY,EL CARMEN,7000,7000.0,1357.0,9499
POROTO,1994,JUJUY,SAN PEDRO,10300,8000.0,1300.0,10400
POROTO,1994,JUJUY,SANTA BARBARA,2800,2300.0,1100.0,2530
POROTO,1994,SALTA,ANTA,11600,10500.0,1200.0,12600
POROTO,1994,SALTA,CAPITAL,6500,6500.0,1600.0,10400
POROTO,1994,SALTA,CERRILLOS,6000,6000.0,1600.0,9600
POROTO,1994,SALTA,GENERAL GUEMES,14000,10000.0,1070.0,10700
POROTO,1994,SALTA,GENERAL JOSE DE SAN MARTIN,64000,64000.0,1011.0,64704
POROTO,1994,SALTA,LA CANDELARIA,5800,3800.0,508.0,1930
POROTO,1994,SALTA,METAN,19800,18000.0,1125.0,20250
POROTO,1994,SALTA,ORAN,19000,19000.0,982.0,18658
POROTO,1994,SALTA,ROSARIO DE LA FRONTERA,25800,22500.0,1060.0,23850
POROTO,1994,SANTIAGO DEL ESTERO,CHOYA,1250,970.0,635.0,615
POROTO,1994,SANTIAGO DEL ESTERO,GUASAYAN,3200,2680.0,621.0,1664
POROTO,1994,SANTIAGO DEL ESTERO,JIMENEZ,6600,6100.0,712.0,4343
POROTO,1994,SANTIAGO DEL ESTERO,PELLEGRINI,5350,4950.0,638.0,3158
POROTO,1994,SANTIAGO DEL ESTERO,RIO HONDO,1100,850.0,724.0,615
POROTO,1994,TUCUMAN,BURRUYACU,2900,2180.0,893.0,1946
POROTO,1994,TUCUMAN,CRUZ ALTA,640,560.0,843.0,472
POROTO,1994,TUCUMAN,GRANEROS,1850,1600.0,750.0,1200
POROTO,1994,TUCUMAN,LEALES,260,260.0,1231.0,320
POROTO,1994,TUCUMAN,TRANCAS,1900,1700.0,1034.0,1757
POROTO,1995,CATAMARCA,EL ALTO,500,500.0,800.0,400
POROTO,1995,CATAMARCA,SANTA ROSA,6700,5700.0,818.0,4662
POROTO,1995,CORDOBA,SANTA MARIA,2000,2000.0,1500.0,3000
POROTO,1995,JUJUY,EL CARMEN,7600,7050.0,816.0,5752
POROTO,1995,JUJUY,SAN PEDRO,14200,12350.0,705.0,8706
POROTO,1995,JUJUY,SANTA BARBARA,5900,4200.0,661.0,2776
POROTO,1995,SALTA,ANTA,15000,7000.0,843.0,5901
POROTO,1995,SALTA,CAPITAL,10200,10200.0,718.0,7323
POROTO,1995,SALTA,CERRILLOS,7000,7000.0,1014.0,7098
POROTO,1995,SALTA,GENERAL GUEMES,10200,6700.0,747.0,5004
POROTO,1995,SALTA,GENERAL JOSE DE SAN MARTIN,69300,69300.0,1128.0,78170
POROTO,1995,SALTA,LA CANDELARIA,4600,4600.0,591.0,2718
POROTO,1995,SALTA,METAN,24500,22700.0,796.0,18069
POROTO,1995,SALTA,ORAN,19100,19100.0,1089.0,20799
POROTO,1995,SALTA,ROSARIO DE LA FRONTERA,26000,23300.0,849.0,19781
POROTO,1995,SALTA,ROSARIO DE LERMA,5200,5200.0,1000.0,5200
POROTO,1995,SANTIAGO DEL ESTERO,CHOYA,1820,1650.0,661.0,1090
POROTO,1995,SANTIAGO DEL ESTERO,GUASAYAN,4240,3820.0,626.0,2391
POROTO,1995,SANTIAGO DEL ESTERO,JIMENEZ,8670,7950.0,694.0,5517
POROTO,1995,SANTIAGO DEL ESTERO,PELLEGRINI,6770,6140.0,627.0,3849
POROTO,1995,SANTIAGO DEL ESTERO,RIO HONDO,1200,1080.0,510.0,550
POROTO,1995,TUCUMAN,BURRUYACU,3350,3100.0,791.0,2452
POROTO,1995,TUCUMAN,CRUZ ALTA,1420,1310.0,650.0,851
POROTO,1995,TUCUMAN,GRANEROS,3650,3350.0,675.0,2261
POROTO,1995,TUCUMAN,LEALES,700,500.0,700.0,350
POROTO,1995,TUCUMAN,TRANCAS,1950,1770.0,1015.0,1796
POROTO,1996,CATAMARCA,EL ALTO,2500,2500.0,1200.0,3000
POROTO,1996,CATAMARCA,SANTA ROSA,4150,4150.0,1204.0,4996
POROTO,1996,CORDOBA,SANTA MARIA,2300,1800.0,1200.0,2160
POROTO,1996,JUJUY,EL CARMEN,7000,7000.0,1139.0,7973
POROTO,1996,JUJUY,SAN ANTONIO,300,300.0,1120.0,336
POROTO,1996,JUJUY,SAN PEDRO,14000,14000.0,1130.0,15820
POROTO,1996,JUJUY,SANTA BARBARA,6500,6500.0,1115.0,7247
POROTO,1996,SALTA,ANTA,11000,11000.0,1109.0,12199
POROTO,1996,SALTA,CACHI,400,400.0,900.0,360
POROTO,1996,SALTA,CAPITAL,3000,3000.0,1017.0,3051
POROTO,1996,SALTA,CERRILLOS,8500,8500.0,1292.0,10982
POROTO,1996,SALTA,CHICOANA,2200,2200.0,1141.0,2510
POROTO,1996,SALTA,GENERAL GUEMES,8000,7200.0,900.0,6480
POROTO,1996,SALTA,GENERAL JOSE DE SAN MARTIN,70000,70000.0,1028.0,71960
POROTO,1996,SALTA,LA CANDELARIA,5500,5500.0,1007.0,5538
POROTO,1996,SALTA,LA VINA,500,500.0,1000.0,500
POROTO,1996,SALTA,METAN,17000,16000.0,1088.0,17408
POROTO,1996,SALTA,ORAN,27000,27000.0,1024.0,27648
POROTO,1996,SALTA,ROSARIO DE LA FRONTERA,30000,30000.0,1104.0,33120
POROTO,1996,SALTA,ROSARIO DE LERMA,1500,1500.0,1133.0,1699
POROTO,1996,SANTIAGO DEL ESTERO,CHOYA,1750,1650.0,736.0,1214
POROTO,1996,SANTIAGO DEL ESTERO,GUASAYAN,4090,3890.0,730.0,2839
POROTO,1996,SANTIAGO DEL ESTERO,JIMENEZ,8850,8550.0,911.0,7789
POROTO,1996,SANTIAGO DEL ESTERO,PELLEGRINI,7060,6860.0,808.0,5542
POROTO,1996,SANTIAGO DEL ESTERO,RIO HONDO,1300,1150.0,900.0,1035
POROTO,1996,TUCUMAN,BURRUYACU,3500,3500.0,1071.0,3748
POROTO,1996,TUCUMAN,CRUZ ALTA,1850,1750.0,946.0,1655
POROTO,1996,TUCUMAN,GRANEROS,2500,2500.0,1100.0,2750
POROTO,1996,TUCUMAN,LEALES,800,700.0,800.0,560
POROTO,1996,TUCUMAN,TRANCAS,2100,2000.0,1180.0,2360
POROTO,1997,CATAMARCA,EL ALTO,6000,6000.0,1500.0,9000
POROTO,1997,CATAMARCA,SANTA ROSA,7000,7000.0,1500.0,10500
POROTO,1997,CORDOBA,SANTA MARIA,1600,1600.0,1600.0,2560
POROTO,1997,JUJUY,EL CARMEN,7200,6900.0,1100.0,7590
POROTO,1997,JUJUY,SAN ANTONIO,200,200.0,1100.0,220
POROTO,1997,JUJUY,SAN PEDRO,13700,10700.0,1056.0,11299
POROTO,1997,JUJUY,SANTA BARBARA,7500,5700.0,1023.0,5831
POROTO,1997,SALTA,ANTA,18000,16000.0,1088.0,17408
POROTO,1997,SALTA,CACHI,500,500.0,1000.0,500
POROTO,1997,SALTA,CAPITAL,3500,3500.0,1000.0,3500
POROTO,1997,SALTA,CERRILLOS,8000,8000.0,1100.0,8800
POROTO,1997,SALTA,CHICOANA,2000,1800.0,1000.0,1800
POROTO,1997,SALTA,GENERAL GUEMES,9000,6500.0,1000.0,6500
POROTO,1997,SALTA,GENERAL JOSE DE SAN MARTIN,65000,64000.0,1100.0,70400
POROTO,1997,SALTA,LA CANDELARIA,5500,5500.0,1100.0,6050
POROTO,1997,SALTA,LA VINA,500,500.0,1100.0,550
POROTO,1997,SALTA,METAN,22000,20100.0,1082.0,21748
POROTO,1997,SALTA,ORAN,30500,29800.0,1017.0,30306
POROTO,1997,SALTA,ROSARIO DE LA FRONTERA,33500,30800.0,1083.0,33356
POROTO,1997,SALTA,ROSARIO DE LERMA,2000,2000.0,1100.0,2200
POROTO,1997,SANTIAGO DEL ESTERO,CHOYA,1500,1500.0,1200.0,1800
POROTO,1997,SANTIAGO DEL ESTERO,GUASAYAN,3500,3500.0,1100.0,3850
POROTO,1997,SANTIAGO DEL ESTERO,JIMENEZ,7400,7400.0,1100.0,8140
POROTO,1997,SANTIAGO DEL ESTERO,PELLEGRINI,6500,6400.0,1200.0,7680
POROTO,1997,SANTIAGO DEL ESTERO,RIO HONDO,1300,1300.0,1200.0,1560
POROTO,1997,TUCUMAN,BURRUYACU,4000,4000.0,1188.0,4752
POROTO,1997,TUCUMAN,CRUZ ALTA,2230,2200.0,1477.0,3249
POROTO,1997,TUCUMAN,GRANEROS,3600,3550.0,1400.0,4970
POROTO,1997,TUCUMAN,LEALES,3100,3100.0,1400.0,4340
POROTO,1997,TUCUMAN,TRANCAS,5300,5300.0,1409.0,7467
POROTO,1998,CATAMARCA,EL ALTO,8500,6000.0,1100.0,6600
POROTO,1998,CATAMARCA,SANTA ROSA,12500,10000.0,1100.0,11000
POROTO,1998,CORDOBA,SANTA MARIA,1000,100.0,700.0,70
POROTO,1998,JUJUY,EL CARMEN,8000,7700.0,1281.0,9863
POROTO,1998,JUJUY,SAN ANTONIO,500,500.0,1300.0,650
POROTO,1998,JUJUY,SAN PEDRO,15000,14400.0,1159.0,16689
POROTO,1998,JUJUY,SANTA BARBARA,8300,7800.0,1165.0,9087
POROTO,1998,SALTA,ANTA,33600,24500.0,1200.0,29400
POROTO,1998,SALTA,CACHI,400,400.0,1100.0,440
POROTO,1998,SALTA,CAPITAL,4000,4000.0,1200.0,4800
POROTO,1998,SALTA,CERRILLOS,8500,8500.0,1200.0,10200
POROTO,1998,SALTA,CHICOANA,2000,2000.0,1400.0,2800
POROTO,1998,SALTA,GENERAL GUEMES,8000,7400.0,1112.0,8228
POROTO,1998,SALTA,GENERAL JOSE DE SAN MARTIN,84400,82400.0,1100.0,90640
POROTO,1998,SALTA,LA CANDELARIA,6000,4900.0,1100.0,5390
POROTO,1998,SALTA,LA VINA,600,600.0,1200.0,720
POROTO,1998,SALTA,METAN,17000,12800.0,1100.0,14080
POROTO,1998,SALTA,ORAN,29000,29000.0,1131.0,32799
POROTO,1998,SALTA,ROSARIO DE LA FRONTERA,36000,29300.0,1091.0,31966
POROTO,1998,SALTA,ROSARIO DE LERMA,2000,2000.0,1200.0,2400
POROTO,1998,SANTIAGO DEL ESTERO,CHOYA,1650,1600.0,700.0,1120
POROTO,1998,SANTIAGO DEL ESTERO,GUASAYAN,3700,3350.0,600.0,2010
POROTO,1998,SANTIAGO DEL ESTERO,JIMENEZ,7600,7150.0,600.0,4290
POROTO,1998,SANTIAGO DEL ESTERO,PELLEGRINI,6900,6280.0,700.0,4396
POROTO,1998,SANTIAGO DEL ESTERO,RIO HONDO,1500,1250.0,600.0,750
POROTO,1998,TUCUMAN,BURRUYACU,5150,4750.0,905.0,4298
POROTO,1998,TUCUMAN,CRUZ ALTA,2000,1640.0,609.0,998
POROTO,1998,TUCUMAN,GRANEROS,2800,2540.0,800.0,2032
POROTO,1998,TUCUMAN,LEALES,2800,2540.0,600.0,1524
POROTO,1998,TUCUMAN,TRANCAS,8750,8280.0,867.0,7178
POROTO,1999,CATAMARCA,EL ALTO,4000,3650.0,1100.0,4015
POROTO,1999,CATAMARCA,SANTA ROSA,7500,6800.0,1100.0,7480
POROTO,1999,CORDOBA,SANTA MARIA,1000,700.0,1500.0,1050
POROTO,1999,JUJUY,EL CARMEN,7800,7800.0,1200.0,9360
POROTO,1999,JUJUY,SAN ANTONIO,500,500.0,1200.0,600
POROTO,1999,JUJUY,SAN PEDRO,12500,12300.0,1120.0,13776
POROTO,1999,JUJUY,SANTA BARBARA,5500,5400.0,1124.0,6069
POROTO,1999,SALTA,ANTA,11000,10900.0,1108.0,12077
POROTO,1999,SALTA,CACHI,300,300.0,1200.0,360
POROTO,1999,SALTA,CAPITAL,3500,3400.0,1200.0,4080
POROTO,1999,SALTA,CERRILLOS,7500,7500.0,1200.0,9000
POROTO,1999,SALTA,CHICOANA,1000,1000.0,1200.0,1200
POROTO,1999,SALTA,GENERAL GUEMES,7000,6900.0,1026.0,7079
POROTO,1999,SALTA,GENERAL JOSE DE SAN MARTIN,83000,81000.0,1065.0,86265
POROTO,1999,SALTA,LA CANDELARIA,4500,4200.0,1290.0,5418
POROTO,1999,SALTA,LA VINA,600,600.0,1200.0,720
POROTO,1999,SALTA,METAN,17000,15900.0,1187.0,18873
POROTO,1999,SALTA,ORAN,25100,24100.0,1094.0,26365
POROTO,1999,SALTA,ROSARIO DE LA FRONTERA,28000,25500.0,1282.0,32691
POROTO,1999,SALTA,ROSARIO DE LERMA,1000,1000.0,1200.0,1200
POROTO,1999,SANTIAGO DEL ESTERO,CHOYA,1630,1445.0,760.0,1098
POROTO,1999,SANTIAGO DEL ESTERO,GUASAYAN,3660,3240.0,750.0,2430
POROTO,1999,SANTIAGO DEL ESTERO,JIMENEZ,7550,6690.0,810.0,5418
POROTO,1999,SANTIAGO DEL ESTERO,PELLEGRINI,6880,6100.0,810.0,4941
POROTO,1999,SANTIAGO DEL ESTERO,RIO HONDO,1485,1320.0,860.0,1135
POROTO,1999,TUCUMAN,BURRUYACU,3900,3050.0,817.0,2491
POROTO,1999,TUCUMAN,CRUZ ALTA,1450,1110.0,682.0,757
POROTO,1999,TUCUMAN,GRANEROS,2000,1520.0,720.0,1094
POROTO,1999,TUCUMAN,LEALES,2000,1520.0,700.0,1064
POROTO,1999,TUCUMAN,TRANCAS,6900,5540.0,809.0,4481
POROTO,2000,CATAMARCA,EL ALTO,2000,2000.0,1400.0,2800
POROTO,2000,CATAMARCA,SANTA ROSA,2500,2500.0,1400.0,3500
POROTO,2000,CORDOBA,SANTA MARIA,500,500.0,1800.0,900
POROTO,2000,JUJUY,EL CARMEN,5800,5600.0,1164.0,6518
POROTO,2000,JUJUY,SAN ANTONIO,700,700.0,1200.0,840
POROTO,2000,JUJUY,SAN PEDRO,12500,12200.0,955.0,11651
POROTO,2000,JUJUY,SANTA BARBARA,7800,7100.0,987.0,7007
POROTO,2000,SALTA,ANTA,4600,3900.0,1000.0,3900
POROTO,2000,SALTA,CACHI,400,400.0,1200.0,480
POROTO,2000,SALTA,CAPITAL,5000,5000.0,1280.0,6400
POROTO,2000,SALTA,CERRILLOS,5500,5400.0,1222.0,6598
POROTO,2000,SALTA,CHICOANA,500,500.0,1200.0,600
POROTO,2000,SALTA,GENERAL GUEMES,12500,11800.0,1076.0,12696
POROTO,2000,SALTA,GENERAL JOSE DE SAN MARTIN,95000,90600.0,919.0,83261
POROTO,2000,SALTA,LA CANDELARIA,7000,7000.0,1200.0,8400
POROTO,2000,SALTA,LA VINA,500,500.0,1200.0,600
POROTO,2000,SALTA,METAN,4000,3700.0,1216.0,4499
POROTO,2000,SALTA,ORAN,46500,41300.0,901.0,37211
POROTO,2000,SALTA,ROSARIO DE LA FRONTERA,18000,17400.0,1198.0,20845
POROTO,2000,SALTA,ROSARIO DE LERMA,500,500.0,1100.0,550
POROTO,2000,SANTIAGO DEL ESTERO,CHOYA,1480,1480.0,1108.0,1639
POROTO,2000,SANTIAGO DEL ESTERO,GUASAYAN,3300,3300.0,1076.0,3550
POROTO,2000,SANTIAGO DEL ESTERO,JIMENEZ,6860,6860.0,1108.0,7600
POROTO,2000,SANTIAGO DEL ESTERO,PELLEGRINI,6300,6300.0,1095.0,6898
POROTO,2000,SANTIAGO DEL ESTERO,RIO HONDO,1350,1350.0,1111.0,1499
POROTO,2000,TUCUMAN,BURRUYACU,3590,3590.0,1308.0,4695
POROTO,2000,TUCUMAN,CRUZ ALTA,1310,1310.0,1153.0,1510
POROTO,2000,TUCUMAN,GRANEROS,1790,1790.0,1240.0,2219
POROTO,2000,TUCUMAN,LEALES,1790,1790.0,1201.0,2149
POROTO,2000,TUCUMAN,TRANCAS,6410,6410.0,1257.0,8057
POROTO,2001,CATAMARCA,EL ALTO,2500,2500.0,2000.0,5000
POROTO,2001,CATAMARCA,SANTA ROSA,2500,2500.0,2000.0,5000
POROTO,2001,CORDOBA,SANTA MARIA,500,250.0,2200.0,550
POROTO,2001,JUJUY,EL CARMEN,5800,5800.0,1172.0,6797
POROTO,2001,JUJUY,SAN ANTONIO,700,700.0,1143.0,800
POROTO,2001,JUJUY,SAN PEDRO,12600,12600.0,1091.0,13746
POROTO,2001,JUJUY,SANTA BARBARA,7900,7900.0,1053.0,8318
POROTO,2001,SALTA,ANTA,2000,2000.0,1100.0,2200
POROTO,2001,SALTA,CACHI,400,400.0,1000.0,400
POROTO,2001,SALTA,CAPITAL,6500,6500.0,1169.0,7598
POROTO,2001,SALTA,CERRILLOS,7000,7000.0,1100.0,7700
POROTO,2001,SALTA,CHICOANA,500,500.0,1100.0,550
POROTO,2001,SALTA,GENERAL GUEMES,12800,12800.0,1023.0,13094
POROTO,2001,SALTA,GENERAL JOSE DE SAN MARTIN,84000,81000.0,1004.0,81324
POROTO,2001,SALTA,LA CANDELARIA,7500,7500.0,1120.0,8400
POROTO,2001,SALTA,LA VINA,500,500.0,1100.0,550
POROTO,2001,SALTA,METAN,5000,5000.0,1100.0,5500
POROTO,2001,SALTA,ORAN,40800,39800.0,1093.0,43501
POROTO,2001,SALTA,ROSARIO DE LA FRONTERA,18500,18500.0,1103.0,20405
POROTO,2001,SALTA,ROSARIO DE LERMA,500,500.0,1100.0,550
POROTO,2001,SANTIAGO DEL ESTERO,CHOYA,1590,1590.0,1000.0,1590
POROTO,2001,SANTIAGO DEL ESTERO,GUASAYAN,3550,3550.0,1000.0,3550
POROTO,2001,SANTIAGO DEL ESTERO,JIMENEZ,7380,7380.0,1000.0,7380
POROTO,2001,SANTIAGO DEL ESTERO,PELLEGRINI,6780,6780.0,1000.0,6780
POROTO,2001,SANTIAGO DEL ESTERO,RIO HONDO,1450,1450.0,1000.0,1450
POROTO,2001,TUCUMAN,BURRUYACU,3800,3800.0,1104.0,4195
POROTO,2001,TUCUMAN,CRUZ ALTA,1435,1435.0,1118.0,1604
POROTO,2001,TUCUMAN,GRANEROS,1980,1980.0,1121.0,2219
POROTO,2001,TUCUMAN,LEALES,1980,1980.0,1121.0,2219
POROTO,2001,TUCUMAN,TRANCAS,6570,6570.0,1096.0,7200
POROTO,2002,CATAMARCA,EL ALTO,3000,3000.0,2200.0,6600
POROTO,2002,CATAMARCA,SANTA ROSA,3000,3000.0,2200.0,6600
POROTO,2002,CORDOBA,SANTA MARIA,100,100.0,1700.0,170
POROTO,2002,JUJUY,EL CARMEN,5800,5200.0,1279.0,6650
POROTO,2002,JUJUY,SAN ANTONIO,700,600.0,1233.0,739
POROTO,2002,JUJUY,SAN PEDRO,13000,12100.0,1219.0,14749
POROTO,2002,JUJUY,SANTA BARBARA,8700,8200.0,1232.0,10102
POROTO,2002,SALTA,ANTA,2000,2000.0,1100.0,2200
POROTO,2002,SALTA,CACHI,400,400.0,1000.0,400
POROTO,2002,SALTA,CAPITAL,6500,6500.0,1169.0,7598
POROTO,2002,SALTA,CERRILLOS,7000,7000.0,1100.0,7700
POROTO,2002,SALTA,CHICOANA,500,500.0,900.0,450
POROTO,2002,SALTA,GENERAL GUEMES,12800,12500.0,1104.0,13800
POROTO,2002,SALTA,GENERAL JOSE DE SAN MARTIN,64000,57200.0,1108.0,63377
POROTO,2002,SALTA,LA CANDELARIA,7500,3500.0,1014.0,3549
POROTO,2002,SALTA,LA VINA,500,500.0,800.0,400
POROTO,2002,SALTA,METAN,5000,4500.0,1100.0,4950
POROTO,2002,SALTA,ORAN,30800,28400.0,1114.0,31637
POROTO,2002,SALTA,ROSARIO DE LA FRONTERA,18500,14500.0,1021.0,14804
POROTO,2002,SALTA,ROSARIO DE LERMA,500,500.0,1100.0,550
POROTO,2002,SANTIAGO DEL ESTERO,CHOYA,440,405.0,901.0,364
POROTO,2002,SANTIAGO DEL ESTERO,GUASAYAN,950,875.0,901.0,788
POROTO,2002,SANTIAGO DEL ESTERO,JIMENEZ,620,570.0,900.0,513
POROTO,2002,SANTIAGO DEL ESTERO,PELLEGRINI,2490,2300.0,900.0,2070
POROTO,2002,TUCUMAN,BURRUYACU,1980,1920.0,1123.0,2156
POROTO,2002,TUCUMAN,CRUZ ALTA,655,635.0,1131.0,718
POROTO,2002,TUCUMAN,GRANEROS,925,890.0,1151.0,1024
POROTO,2002,TUCUMAN,LEALES,925,880.0,1150.0,1012
POROTO,2002,TUCUMAN,TRANCAS,3660,3560.0,1141.0,4061
POROTO,2003,CATAMARCA,EL ALTO,1500,1500.0,1800.0,2700
POROTO,2003,CATAMARCA,SANTA ROSA,2000,2000.0,1800.0,3600
POROTO,2003,CORDOBA,SANTA MARIA,100,100.0,1300.0,130
POROTO,2003,JUJUY,EL CARMEN,3700,3500.0,1271.0,4448
POROTO,2003,JUJUY,SAN ANTONIO,1000,1000.0,1300.0,1300
POROTO,2003,JUJUY,SAN PEDRO,6900,6800.0,1376.0,9356
POROTO,2003,JUJUY,SANTA BARBARA,4900,4800.0,1373.0,6590
POROTO,2003,SALTA,ANTA,3000,3000.0,1100.0,3300
POROTO,2003,SALTA,CACHI,400,400.0,1200.0,480
POROTO,2003,SALTA,CAPITAL,3100,3100.0,1361.0,4219
POROTO,2003,SALTA,CERRILLOS,5300,5300.0,1370.0,7261
POROTO,2003,SALTA,CHICOANA,500,500.0,1200.0,600
POROTO,2003,SALTA,GENERAL GUEMES,8500,8000.0,1125.0,9000
POROTO,2003,SALTA,GENERAL JOSE DE SAN MARTIN,45500,40500.0,1299.0,52609
POROTO,2003,SALTA,LA CANDELARIA,4500,2600.0,1085.0,2821
POROTO,2003,SALTA,LA VINA,500,500.0,1400.0,700
POROTO,2003,SALTA,METAN,3500,2400.0,1000.0,2400
POROTO,2003,SALTA,ORAN,15200,14200.0,1299.0,18445
POROTO,2003,SALTA,ROSARIO DE LA FRONTERA,6800,3900.0,1072.0,4180
POROTO,2003,SALTA,ROSARIO DE LERMA,500,500.0,1200.0,600
POROTO,2003,SANTIAGO DEL ESTERO,CHOYA,460,440.0,870.0,382
POROTO,2003,SANTIAGO DEL ESTERO,GUASAYAN,990,950.0,871.0,827
POROTO,2003,SANTIAGO DEL ESTERO,JIMENEZ,645,620.0,869.0,538
POROTO,2003,SANTIAGO DEL ESTERO,PELLEGRINI,2600,2490.0,870.0,2166
POROTO,2003,TUCUMAN,BURRUYACU,2020,1960.0,889.0,1742
POROTO,2003,TUCUMAN,CRUZ ALTA,660,640.0,894.0,572
POROTO,2003,TUCUMAN,GRANEROS,925,890.0,900.0,801
POROTO,2003,TUCUMAN,LEALES,925,880.0,900.0,792
POROTO,2003,TUCUMAN,TRANCAS,3790,3690.0,880.0,3247
POROTO,2004,CATAMARCA,EL ALTO,1000,1000.0,1800.0,1800
POROTO,2004,CATAMARCA,SANTA ROSA,2000,2000.0,1800.0,3600
POROTO,2004,CORDOBA,SANTA MARIA,100,100.0,1900.0,190
POROTO,2004,JUJUY,EL CARMEN,5000,5000.0,1340.0,6700
POROTO,2004,JUJUY,SAN ANTONIO,1000,1000.0,1400.0,1400
POROTO,2004,JUJUY,SAN PEDRO,8400,8400.0,1245.0,10458
POROTO,2004,JUJUY,SANTA BARBARA,6100,6100.0,1252.0,7637
POROTO,2004,SALTA,ANTA,3000,3000.0,1400.0,4200
POROTO,2004,SALTA,CACHI,400,400.0,1200.0,480
POROTO,2004,SALTA,CAPITAL,3100,3100.0,1226.0,3800
POROTO,2004,SALTA,CERRILLOS,5300,5300.0,1485.0,7870
POROTO,2004,SALTA,CHICOANA,500,500.0,1400.0,700
POROTO,2004,SALTA,GENERAL GUEMES,7500,7500.0,1107.0,8302
POROTO,2004,SALTA,GENERAL JOSE DE SAN MARTIN,52500,52500.0,1128.0,59220
POROTO,2004,SALTA,LA CANDELARIA,4200,4200.0,1057.0,4439
POROTO,2004,SALTA,LA VINA,500,500.0,1400.0,700
POROTO,2004,SALTA,METAN,3500,3500.0,1000.0,3500
POROTO,2004,SALTA,ORAN,21200,19200.0,1121.0,21523
POROTO,2004,SALTA,ROSARIO DE LA FRONTERA,6800,6800.0,1053.0,7160
POROTO,2004,SALTA,ROSARIO DE LERMA,500,500.0,1400.0,700
POROTO,2004,SANTIAGO DEL ESTERO,CHOYA,600,350.0,1000.0,350
POROTO,2004,SANTIAGO DEL ESTERO,GUASAYAN,1100,650.0,1000.0,650
POROTO,2005,CATAMARCA,EL ALTO,1000,1000.0,1800.0,1800
POROTO,2005,CATAMARCA,SANTA ROSA,2000,2000.0,1800.0,3600
POROTO,2005,CORDOBA,SANTA MARIA,1700,1700.0,1500.0,2550
POROTO,2005,JUJUY,EL CARMEN,6500,6500.0,1400.0,9100
POROTO,2005,JUJUY,SAN ANTONIO,1300,1300.0,1154.0,1500
POROTO,2005,JUJUY,SAN PEDRO,10900,10900.0,1455.0,15859
POROTO,2005,JUJUY,SANTA BARBARA,6600,6600.0,1318.0,8698
POROTO,2005,SALTA,ANTA,7500,7500.0,1400.0,10500
POROTO,2005,SALTA,CACHI,400,400.0,1100.0,440
POROTO,2005,SALTA,CAPITAL,3600,3600.0,1400.0,5040
POROTO,2005,SALTA,CERRILLOS,5800,5800.0,1386.0,8038
POROTO,2005,SALTA,CHICOANA,500,500.0,1400.0,700
POROTO,2005,SALTA,GENERAL GUEMES,10500,10500.0,1400.0,14700
POROTO,2005,SALTA,GENERAL JOSE DE SAN MARTIN,83000,83000.0,1310.0,108730
POROTO,2005,SALTA,LA CANDELARIA,7700,7700.0,1400.0,10780
POROTO,2005,SALTA,LA VINA,500,500.0,1200.0,600
POROTO,2005,SALTA,METAN,8000,8000.0,1369.0,10952
POROTO,2005,SALTA,ORAN,40500,40500.0,1400.0,56700
POROTO,2005,SALTA,ROSARIO DE LA FRONTERA,11000,11000.0,1500.0,16500
POROTO,2005,SALTA,ROSARIO DE LERMA,1000,1000.0,1500.0,1500
POROTO,2005,SANTIAGO DEL ESTERO,CHOYA,1000,1000.0,900.0,900
POROTO,2005,SANTIAGO DEL ESTERO,GUASAYAN,2500,2500.0,1300.0,3250
POROTO,2005,SANTIAGO DEL ESTERO,JIMENEZ,800,800.0,1000.0,800
POROTO,2005,SANTIAGO DEL ESTERO,PELLEGRINI,2800,2800.0,1200.0,3360
POROTO,2005,SANTIAGO DEL ESTERO,RIO HONDO,90,90.0,1000.0,90
POROTO,2005,TUCUMAN,BURRUYACU,4185,4120.0,1400.0,5768
POROTO,2005,TUCUMAN,CRUZ ALTA,2090,2090.0,1300.0,2717
POROTO,2005,TUCUMAN,GRANEROS,1325,1275.0,1600.0,2040
POROTO,2005,TUCUMAN,LEALES,2340,2305.0,1500.0,3457
POROTO,2005,TUCUMAN,TRANCAS,3950,3880.0,1300.0,5044
POROTO,2006,CATAMARCA,SANTA ROSA,500,500.0,1600.0,800
POROTO,2006,CORDOBA,SANTA MARIA,1500,1500.0,1700.0,2550
POROTO,2006,JUJUY,EL CARMEN,6500,6500.0,1300.0,8450
POROTO,2006,JUJUY,SAN ANTONIO,1300,1300.0,1400.0,1820
POROTO,2006,JUJUY,SAN PEDRO,10900,10900.0,1290.0,14061
POROTO,2006,JUJUY,SANTA BARBARA,6600,6600.0,1276.0,8421
POROTO,2006,SALTA,ANTA,7500,7500.0,1400.0,10500
POROTO,2006,SALTA,CACHI,400,400.0,1200.0,480
POROTO,2006,SALTA,CAPITAL,3600,3600.0,1400.0,5040
POROTO,2006,SALTA,CERRILLOS,5800,5800.0,1300.0,7540
POROTO,2006,SALTA,CHICOANA,500,500.0,1400.0,700
POROTO,2006,SALTA,GENERAL GUEMES,10500,10500.0,1400.0,14700
POROTO,2006,SALTA,GENERAL JOSE DE SAN MARTIN,96000,96000.0,1278.0,122688
POROTO,2006,SALTA,LA CANDELARIA,7700,7700.0,1400.0,10780
POROTO,2006,SALTA,LA VINA,500,500.0,1200.0,600
POROTO,2006,SALTA,METAN,8000,8000.0,1200.0,9600
POROTO,2006,SALTA,ORAN,44500,44500.0,1279.0,56915
POROTO,2006,SALTA,ROSARIO DE LA FRONTERA,11000,11000.0,1200.0,13200
POROTO,2006,SALTA,ROSARIO DE LERMA,1000,1000.0,1400.0,1400
POROTO,2006,SANTIAGO DEL ESTERO,CHOYA,1800,1800.0,1400.0,2520
POROTO,2006,SANTIAGO DEL ESTERO,GUASAYAN,1200,1200.0,1400.0,1680
POROTO,2006,SANTIAGO DEL ESTERO,JIMENEZ,1200,1200.0,1200.0,1440
POROTO,2006,SANTIAGO DEL ESTERO,PELLEGRINI,3200,3200.0,1000.0,3200
POROTO,2006,SANTIAGO DEL ESTERO,RIO HONDO,1400,1300.0,1100.0,1430
POROTO,2006,TUCUMAN,BURRUYACU,3000,3000.0,1600.0,4800
POROTO,2006,TUCUMAN,CRUZ ALTA,1500,1500.0,1600.0,2400
POROTO,2006,TUCUMAN,GRANEROS,950,950.0,1500.0,1425
POROTO,2006,TUCUMAN,LEALES,1650,1650.0,1400.0,2310
POROTO,2006,TUCUMAN,TRANCAS,4000,4000.0,1425.0,5700
POROTO,2007,CATAMARCA,EL ALTO,6000,6000.0,1700.0,10200
POROTO,2007,CATAMARCA,SANTA ROSA,500,500.0,1700.0,850
POROTO,2007,CORDOBA,SANTA MARIA,300,300.0,1000.0,300
POROTO,2007,JUJUY,EL CARMEN,6500,6500.0,1223.0,7949
POROTO,2007,JUJUY,SAN ANTONIO,1300,1300.0,1377.0,1790
POROTO,2007,JUJUY,SAN PEDRO,10900,10900.0,1307.0,14246
POROTO,2007,JUJUY,SANTA BARBARA,6600,6600.0,1376.0,9081
POROTO,2007,SALTA,ANTA,7500,7500.0,1400.0,10500
POROTO,2007,SALTA,CACHI,400,400.0,1300.0,520
POROTO,2007,SALTA,CAPITAL,3600,3600.0,1300.0,4680
POROTO,2007,SALTA,CERRILLOS,5800,5800.0,1214.0,7041
POROTO,2007,SALTA,CHICOANA,500,500.0,1200.0,600
POROTO,2007,SALTA,GENERAL GUEMES,10500,10500.0,1300.0,13650
POROTO,2007,SALTA,GENERAL JOSE DE SAN MARTIN,96000,96000.0,1294.0,124224
POROTO,2007,SALTA,LA CANDELARIA,7700,7700.0,1300.0,10010
POROTO,2007,SALTA,LA VINA,500,500.0,1300.0,650
POROTO,2007,SALTA,METAN,8000,8000.0,1369.0,10952
POROTO,2007,SALTA,ORAN,44500,44500.0,1310.0,58295
POROTO,2007,SALTA,ROSARIO DE LA FRONTERA,11000,11000.0,1373.0,15103
POROTO,2007,SALTA,ROSARIO DE LERMA,1000,1000.0,1300.0,1300
POROTO,2007,SANTIAGO DEL ESTERO,CHOYA,1900,1900.0,1300.0,2470
POROTO,2007,SANTIAGO DEL ESTERO,GUASAYAN,1300,1300.0,1400.0,1820
POROTO,2007,SANTIAGO DEL ESTERO,JIMENEZ,4000,4000.0,1400.0,5600
POROTO,2007,SANTIAGO DEL ESTERO,PELLEGRINI,3200,3200.0,1400.0,4480
POROTO,2007,SANTIAGO DEL ESTERO,RIO HONDO,2800,2800.0,1500.0,4200
POROTO,2007,TUCUMAN,BURRUYACU,3000,2980.0,1200.0,3576
POROTO,2007,TUCUMAN,CRUZ ALTA,1500,1475.0,1300.0,1917
POROTO,2007,TUCUMAN,GRANEROS,950,950.0,1200.0,1140
POROTO,2007,TUCUMAN,LEALES,1650,1650.0,1300.0,2145
POROTO,2007,TUCUMAN,TRANCAS,4000,3865.0,1329.0,5136
POROTO,2008,CATAMARCA,EL ALTO,6000,6000.0,1700.0,10200
POROTO,2008,CATAMARCA,SANTA ROSA,500,500.0,1700.0,850
POROTO,2008,CORDOBA,SANTA MARIA,300,300.0,1200.0,360
POROTO,2008,JUJUY,EL CARMEN,6700,6700.0,1060.0,7102
POROTO,2008,JUJUY,SAN ANTONIO,1300,1300.0,1023.0,1329
POROTO,2008,JUJUY,SAN PEDRO,11000,11000.0,1118.0,12298
POROTO,2008,JUJUY,SANTA BARBARA,6600,6600.0,1152.0,7603
POROTO,2008,SALTA,ANTA,8000,8000.0,1000.0,8000
POROTO,2008,SALTA,CACHI,400,400.0,1200.0,480
POROTO,2008,SALTA,CAPITAL,3900,3900.0,1200.0,4680
POROTO,2008,SALTA,CERRILLOS,6000,6000.0,1100.0,6600
POROTO,2008,SALTA,CHICOANA,700,700.0,1200.0,840
POROTO,2008,SALTA,GENERAL GUEMES,10500,10500.0,1200.0,12600
POROTO,2008,SALTA,GENERAL JOSE DE SAN MARTIN,96500,96500.0,1178.0,113677
POROTO,2008,SALTA,LA CANDELARIA,7700,7700.0,1000.0,7700
POROTO,2008,SALTA,LA VINA,800,800.0,1200.0,960
POROTO,2008,SALTA,METAN,9000,9000.0,1000.0,9000
POROTO,2008,SALTA,ORAN,44500,44500.0,1079.0,48015
POROTO,2008,SALTA,ROSARIO DE LA FRONTERA,11500,11500.0,1100.0,12650
POROTO,2008,SALTA,ROSARIO DE LERMA,1000,1000.0,1000.0,1000
POROTO,2008,SANTIAGO DEL ESTERO,CHOYA,2100,1950.0,1000.0,1950
POROTO,2008,SANTIAGO DEL ESTERO,GUASAYAN,2500,2300.0,1000.0,2300
POROTO,2008,SANTIAGO DEL ESTERO,JIMENEZ,6500,5900.0,1000.0,5900
POROTO,2008,SANTIAGO DEL ESTERO,PELLEGRINI,4000,3680.0,1000.0,3680
POROTO,2008,SANTIAGO DEL ESTERO,RIO HONDO,4500,4100.0,1000.0,4100
POROTO,2008,TUCUMAN,BURRUYACU,5210,5210.0,1181.0,6153
POROTO,2008,TUCUMAN,CRUZ ALTA,2350,2350.0,1194.0,2805
POROTO,2008,TUCUMAN,GRANEROS,1500,1500.0,1000.0,1500
POROTO,2008,TUCUMAN,LEALES,2300,2300.0,1100.0,2530
POROTO,2008,TUCUMAN,TRANCAS,6200,6200.0,1200.0,7440
POROTO,2009,CATAMARCA,EL ALTO,3000,3000.0,1800.0,5400
POROTO,2009,CATAMARCA,SANTA ROSA,500,500.0,1800.0,900
POROTO,2009,CORDOBA,SANTA MARIA,300,300.0,1300.0,390
POROTO,2009,JUJUY,EL CARMEN,6700,6700.0,1230.0,8241
POROTO,2009,JUJUY,SAN ANTONIO,1300,1300.0,1223.0,1589
POROTO,2009,JUJUY,SAN PEDRO,11000,11000.0,1282.0,14102
POROTO,2009,JUJUY,SANTA BARBARA,6600,6600.0,1200.0,7920
POROTO,2009,SALTA,ANTA,8000,8000.0,1273.0,10184
POROTO,2009,SALTA,CACHI,400,400.0,1200.0,480
POROTO,2009,SALTA,CAPITAL,3900,3900.0,1300.0,5070
POROTO,2009,SALTA,CERRILLOS,6000,6000.0,1200.0,7200
POROTO,2009,SALTA,CHICOANA,700,700.0,1200.0,840
POROTO,2009,SALTA,GENERAL GUEMES,10500,10500.0,1200.0,12600
POROTO,2009,SALTA,GENERAL JOSE DE SAN MARTIN,96500,96500.0,1278.0,123327
POROTO,2009,SALTA,LA CANDELARIA,7700,7700.0,1200.0,9240
POROTO,2009,SALTA,LA VINA,800,800.0,1200.0,960
POROTO,2009,SALTA,METAN,9000,9000.0,1200.0,10800
POROTO,2009,SALTA,ORAN,44500,44500.0,1289.0,57360
POROTO,2009,SALTA,ROSARIO DE LA FRONTERA,11500,11500.0,1200.0,13800
POROTO,2009,SALTA,ROSARIO DE LERMA,1000,1000.0,1200.0,1200
POROTO,2009,SANTIAGO DEL ESTERO,CHOYA,2100,2100.0,1200.0,2520
POROTO,2009,SANTIAGO DEL ESTERO,GUASAYAN,2500,2500.0,1200.0,3000
POROTO,2009,SANTIAGO DEL ESTERO,JIMENEZ,7500,7500.0,1200.0,9000
POROTO,2009,SANTIAGO DEL ESTERO,PELLEGRINI,4000,4000.0,1200.0,4800
POROTO,2009,SANTIAGO DEL ESTERO,RIO HONDO,4800,4800.0,1200.0,5760
POROTO,2009,TUCUMAN,BURRUYACU,3050,2825.0,1192.0,3367
POROTO,2009,TUCUMAN,CRUZ ALTA,1500,1450.0,1290.0,1870
POROTO,2009,TUCUMAN,GRANEROS,700,700.0,1100.0,770
POROTO,2009,TUCUMAN,LEALES,1300,1300.0,1200.0,1560
POROTO,2009,TUCUMAN,TRANCAS,2900,2900.0,1328.0,3851
POROTO,2010,CATAMARCA,EL ALTO,3000,3000.0,1700.0,5100
POROTO,2010,CATAMARCA,SANTA ROSA,500,500.0,1700.0,850
POROTO,2010,CORDOBA,SANTA MARIA,2000,2000.0,2000.0,4000
POROTO,2010,JUJUY,EL CARMEN,6700,6700.0,1230.0,8241
POROTO,2010,JUJUY,SAN ANTONIO,1300,1300.0,1100.0,1430
POROTO,2010,JUJUY,SAN PEDRO,11300,11300.0,1282.0,14486
POROTO,2010,JUJUY,SANTA BARBARA,7130,7130.0,1176.0,8384
POROTO,2010,SALTA,ANTA,8000,8000.0,1100.0,8800
POROTO,2010,SALTA,CACHI,400,400.0,1200.0,480
POROTO,2010,SALTA,CAPITAL,3900,3900.0,1221.0,4761
POROTO,2010,SALTA,CERRILLOS,6000,6000.0,1200.0,7200
POROTO,2010,SALTA,CHICOANA,700,700.0,1200.0,840
POROTO,2010,SALTA,GENERAL GUEMES,10500,10500.0,1300.0,13650
POROTO,2010,SALTA,GENERAL JOSE DE SAN MARTIN,98700,98700.0,1178.0,116268
POROTO,2010,SALTA,LA CANDELARIA,7700,7700.0,1100.0,8470
POROTO,2010,SALTA,LA VINA,800,800.0,1200.0,960
POROTO,2010,SALTA,METAN,9000,9000.0,1100.0,9900
POROTO,2010,SALTA,ORAN,45630,45630.0,1179.0,53797
POROTO,2010,SALTA,ROSARIO DE LA FRONTERA,12050,12050.0,1100.0,13255
POROTO,2010,SALTA,ROSARIO DE LERMA,1000,1000.0,1200.0,1200
POROTO,2010,SANTIAGO DEL ESTERO,CHOYA,2100,2100.0,1333.0,2799
POROTO,2010,SANTIAGO DEL ESTERO,GUASAYAN,2500,2500.0,1336.0,3340
POROTO,2010,SANTIAGO DEL ESTERO,JIMENEZ,7500,7500.0,1333.0,9997
POROTO,2010,SANTIAGO DEL ESTERO,PELLEGRINI,4000,4000.0,1338.0,5352
POROTO,2010,SANTIAGO DEL ESTERO,RIO HONDO,4800,4800.0,1336.0,6412
POROTO,2010,TUCUMAN,BURRUYACU,2530,2480.0,1509.0,3742
POROTO,2010,TUCUMAN,CRUZ ALTA,1200,1177.0,1592.0,1873
POROTO,2010,TUCUMAN,GRANEROS,600,597.0,1501.0,896
POROTO,2010,TUCUMAN,LEALES,1000,995.0,1600.0,1592
POROTO,2010,TUCUMAN,TRANCAS,2350,2350.0,1683.0,3955
POROTO,2011,CATAMARCA,EL ALTO,5000,5000.0,1800.0,9000
POROTO,2011,CATAMARCA,SANTA ROSA,500,500.0,1800.0,900
POROTO,2011,CORDOBA,SANTA MARIA,1000,1000.0,1700.0,1700
POROTO,2011,JUJUY,EL CARMEN,6700,6700.0,1230.0,8241
POROTO,2011,JUJUY,SAN ANTONIO,1300,1300.0,1300.0,1690
POROTO,2011,JUJUY,SAN PEDRO,12710,12710.0,1200.0,15252
POROTO,2011,JUJUY,SANTA BARBARA,7690,7690.0,1276.0,9812
POROTO,2011,SALTA,ANTA,8088,8088.0,1100.0,8896
POROTO,2011,SALTA,CACHI,400,400.0,1200.0,480
POROTO,2011,SALTA,CAPITAL,3900,3900.0,1200.0,4680
POROTO,2011,SALTA,CERRILLOS,6000,6000.0,1200.0,7200
POROTO,2011,SALTA,CHICOANA,700,700.0,1300.0,910
POROTO,2011,SALTA,GENERAL GUEMES,10500,10500.0,1300.0,13650
POROTO,2011,SALTA,GENERAL JOSE DE SAN MARTIN,102900,102900.0,1177.0,121113
POROTO,2011,SALTA,LA CANDELARIA,7700,7700.0,1200.0,9240
POROTO,2011,SALTA,LA VINA,800,800.0,1200.0,960
POROTO,2011,SALTA,METAN,9000,9000.0,1000.0,9000
POROTO,2011,SALTA,ORAN,47010,47010.0,1179.0,55424
POROTO,2011,SALTA,ROSARIO DE LA FRONTERA,12540,12540.0,1000.0,12540
POROTO,2011,SALTA,ROSARIO DE LERMA,1000,1000.0,1200.0,1200
POROTO,2011,SANTIAGO DEL ESTERO,CHOYA,15000,0.0,0.0,0
POROTO,2011,SANTIAGO DEL ESTERO,GUASAYAN,10000,0.0,0.0,0
POROTO,2011,SANTIAGO DEL ESTERO,JIMENEZ,12500,11250.0,1700.0,19125
POROTO,2011,SANTIAGO DEL ESTERO,PELLEGRINI,15000,13500.0,1500.0,20250
POROTO,2011,SANTIAGO DEL ESTERO,RIO HONDO,5000,4000.0,900.0,3600
POROTO,2011,TUCUMAN,BURRUYACU,2100,1590.0,704.0,1119
POROTO,2011,TUCUMAN,CRUZ ALTA,1200,920.0,800.0,736
POROTO,2011,TUCUMAN,GRANEROS,700,510.0,700.0,357
POROTO,2011,TUCUMAN,LEALES,900,580.0,800.0,464
POROTO,2011,TUCUMAN,TRANCAS,2960,2850.0,1389.0,3958
POROTO,2012,CATAMARCA,EL ALTO,600,100.0,1200.0,120
POROTO,2012,CATAMARCA,SANTA ROSA,350,150.0,1300.0,195
POROTO,2012,CORDOBA,SANTA MARIA,1000,1000.0,1800.0,1800
POROTO,2012,JUJUY,EL CARMEN,6700,6150.0,765.0,4704
POROTO,2012,JUJUY,SAN ANTONIO,1300,1300.0,700.0,910
POROTO,2012,JUJUY,SAN PEDRO,12710,11560.0,681.0,7872
POROTO,2012,JUJUY,SANTA BARBARA,7690,7338.0,588.0,4314
POROTO,2012,SALTA,ANTA,11600,4230.0,600.0,2538
POROTO,2012,SALTA,CACHI,400,400.0,1200.0,480
POROTO,2012,SALTA,CAPITAL,6100,6100.0,900.0,5490
POROTO,2012,SALTA,CERRILLOS,3000,3000.0,900.0,2700
POROTO,2012,SALTA,CHICOANA,480,480.0,900.0,432
POROTO,2012,SALTA,GENERAL GUEMES,7300,3770.0,800.0,3016
POROTO,2012,SALTA,GENERAL JOSE DE SAN MARTIN,112700,44144.0,530.0,23396
POROTO,2012,SALTA,LA CANDELARIA,3200,1340.0,700.0,938
POROTO,2012,SALTA,LA VINA,800,800.0,800.0,640
POROTO,2012,SALTA,METAN,4600,3312.0,800.0,2649
POROTO,2012,SALTA,ORAN,58400,21816.0,540.0,11780
POROTO,2012,SALTA,ROSARIO DE LA FRONTERA,16750,12060.0,800.0,9648
POROTO,2012,SALTA,ROSARIO DE LERMA,740,740.0,900.0,666
POROTO,2012,SANTIAGO DEL ESTERO,CHOYA,1000,500.0,300.0,150
POROTO,2012,SANTIAGO DEL ESTERO,GUASAYAN,2000,1000.0,500.0,500
POROTO,2012,SANTIAGO DEL ESTERO,JIMENEZ,2000,2000.0,800.0,1600
POROTO,2012,SANTIAGO DEL ESTERO,PELLEGRINI,5000,4000.0,800.0,3200
POROTO,2012,SANTIAGO DEL ESTERO,RIO HONDO,1500,1500.0,500.0,750
POROTO,2012,TUCUMAN,BURRUYACU,2100,950.0,653.0,620
POROTO,2012,TUCUMAN,CRUZ ALTA,1200,740.0,845.0,625
POROTO,2012,TUCUMAN,GRANEROS,600,180.0,500.0,90
POROTO,2012,TUCUMAN,LEALES,600,270.0,600.0,162
POROTO,2012,TUCUMAN,TRANCAS,2600,2550.0,1300.0,3315
POROTO,2013,CATAMARCA,EL ALTO,400,100.0,900.0,90
POROTO,2013,CATAMARCA,SANTA ROSA,500,120.0,900.0,108
POROTO,2013,CORDOBA,SANTA MARIA,500,500.0,900.0,450
POROTO,2013,JUJUY,EL CARMEN,6700,6700.0,1200.0,8040
POROTO,2013,JUJUY,SAN ANTONIO,1300,1300.0,1200.0,1560
POROTO,2013,JUJUY,SAN PEDRO,12710,12710.0,1219.0,15493
POROTO,2013,JUJUY,SANTA BARBARA,7690,7690.0,1300.0,9997
POROTO,2013,SALTA,ANTA,12600,12600.0,1100.0,13860
POROTO,2013,SALTA,CACHI,480,480.0,1800.0,864
POROTO,2013,SALTA,CAPITAL,6100,6100.0,1300.0,7930
POROTO,2013,SALTA,CERRILLOS,3000,3000.0,1400.0,4200
POROTO,2013,SALTA,CHICOANA,480,480.0,1300.0,624
POROTO,2013,SALTA,GENERAL GUEMES,7300,7300.0,1300.0,9490
POROTO,2013,SALTA,GENERAL JOSE DE SAN MARTIN,131900,131900.0,1163.0,153399
POROTO,2013,SALTA,LA CANDELARIA,4000,4000.0,1166.0,4664
POROTO,2013,SALTA,LA VINA,800,800.0,1400.0,1120
POROTO,2013,SALTA,METAN,8550,8550.0,1100.0,9405
POROTO,2013,SALTA,ORAN,78400,78400.0,1165.0,91336
POROTO,2013,SALTA,ROSARIO DE LA FRONTERA,25300,25300.0,1200.0,30360
POROTO,2013,SALTA,ROSARIO DE LERMA,980,980.0,1400.0,1372
POROTO,2013,SANTIAGO DEL ESTERO,CHOYA,4000,4000.0,1500.0,6000
POROTO,2013,SANTIAGO DEL ESTERO,GUASAYAN,4000,4000.0,1200.0,4800
POROTO,2013,SANTIAGO DEL ESTERO,JIMENEZ,7000,7000.0,1700.0,11900
POROTO,2013,SANTIAGO DEL ESTERO,PELLEGRINI,15000,15000.0,1800.0,27000
POROTO,2013,SANTIAGO DEL ESTERO,RIO HONDO,1500,1500.0,1500.0,2250
POROTO,2013,TUCUMAN,BURRUYACU,1800,1520.0,1264.0,1921
POROTO,2013,TUCUMAN,CRUZ ALTA,1200,980.0,1200.0,1176
POROTO,2013,TUCUMAN,GRANEROS,500,350.0,1100.0,385
POROTO,2013,TUCUMAN,LEALES,650,500.0,1200.0,600
POROTO,2013,TUCUMAN,TRANCAS,3200,3200.0,1775.0,5680
POROTO,2014,CATAMARCA,EL ALTO,400,400.0,1500.0,600
POROTO,2014,CATAMARCA,SANTA ROSA,1900,1900.0,1600.0,3040
POROTO,2014,CORDOBA,SANTA MARIA,500,500.0,1000.0,500
POROTO,2014,JUJUY,EL CARMEN,6700,6700.0,1400.0,9380
POROTO,2014,JUJUY,SAN ANTONIO,1300,1300.0,1323.0,1719
POROTO,2014,JUJUY,SAN PEDRO,12700,12700.0,1400.0,17780
POROTO,2014,JUJUY,SANTA BARBARA,7690,7690.0,1400.0,10766
POROTO,2014,SALTA,ANTA,13610,13610.0,1371.0,18659
POROTO,2014,SALTA,CACHI,480,480.0,1500.0,720
POROTO,2014,SALTA,CAPITAL,6200,6200.0,1500.0,9300
POROTO,2014,SALTA,CERRILLOS,4800,4800.0,1400.0,6720
POROTO,2014,SALTA,CHICOANA,950,950.0,1426.0,1354
POROTO,2014,SALTA,GENERAL GUEMES,7300,6300.0,1300.0,8190
POROTO,2014,SALTA,GENERAL JOSE DE SAN MARTIN,148200,148200.0,1372.0,203330
POROTO,2014,SALTA,LA CANDELARIA,4400,4400.0,1334.0,5869
POROTO,2014,SALTA,LA VINA,800,800.0,1400.0,1120
POROTO,2014,SALTA,METAN,16860,16860.0,1400.0,23604
POROTO,2014,SALTA,ORAN,93700,93700.0,1363.0,127713
POROTO,2014,SALTA,ROSARIO DE LA FRONTERA,34300,34300.0,1400.0,48020
POROTO,2014,SALTA,ROSARIO DE LERMA,750,750.0,1400.0,1050
POROTO,2014,SANTIAGO DEL ESTERO,CHOYA,7000,7000.0,1200.0,8400
POROTO,2014,SANTIAGO DEL ESTERO,GUASAYAN,8000,8000.0,1200.0,9600
POROTO,2014,SANTIAGO DEL ESTERO,JIMENEZ,15000,15000.0,1500.0,22500
POROTO,2014,SANTIAGO DEL ESTERO,PELLEGRINI,25000,25000.0,1500.0,37500
POROTO,2014,SANTIAGO DEL ESTERO,RIO HONDO,4000,4000.0,1200.0,4800
POROTO,2014,TUCUMAN,BURRUYACU,3200,3020.0,1509.0,4557
POROTO,2014,TUCUMAN,CRUZ ALTA,2200,2200.0,1500.0,3300
POROTO,2014,TUCUMAN,GRANEROS,1600,1580.0,1400.0,2212
POROTO,2014,TUCUMAN,LEALES,1400,1320.0,1500.0,1980
POROTO,2014,TUCUMAN,TRANCAS,3050,3050.0,1682.0,5130
POROTO,2015,CATAMARCA,EL ALTO,300,260.0,1200.0,312
POROTO,2015,CATAMARCA,SANTA ROSA,1300,1110.0,1500.0,1665
POROTO,2015,CORDOBA,SANTA MARIA,430,230.0,500.0,115
POROTO,2015,JUJUY,EL CARMEN,6700,6030.0,876.0,5282
POROTO,2015,JUJUY,SAN ANTONIO,1300,1170.0,900.0,1053
POROTO,2015,JUJUY,SAN PEDRO,12700,11430.0,900.0,10287
POROTO,2015,JUJUY,SANTA BARBARA,7684,6926.0,900.0,6233
POROTO,2015,SALTA,ANTA,16008,15687.0,900.0,14118
POROTO,2015,SALTA,CACHI,280,280.0,800.0,224
POROTO,2015,SALTA,CAPITAL,8600,8600.0,1000.0,8600
POROTO,2015,SALTA,CERRILLOS,3000,3000.0,1100.0,3300
POROTO,2015,SALTA,CHICOANA,350,350.0,1000.0,350
POROTO,2015,SALTA,GENERAL GUEMES,7300,7300.0,1000.0,7300
POROTO,2015,SALTA,GENERAL JOSE DE SAN MARTIN,121524,115451.0,800.0,92360
POROTO,2015,SALTA,LA CANDELARIA,4400,4400.0,800.0,3520
POROTO,2015,SALTA,LA VINA,800,800.0,1000.0,800
POROTO,2015,SALTA,METAN,18546,17989.0,900.0,16190
POROTO,2015,SALTA,ORAN,76834,72525.0,800.0,58020
POROTO,2015,SALTA,ROSARIO DE LA FRONTERA,27440,26617.0,900.0,23955
POROTO,2015,SALTA,ROSARIO DE LERMA,750,750.0,1000.0,750
POROTO,2015,SANTIAGO DEL ESTERO,CHOYA,4000,4000.0,1500.0,6000
POROTO,2015,SANTIAGO DEL ESTERO,GUASAYAN,5000,5000.0,1800.0,9000
POROTO,2015,SANTIAGO DEL ESTERO,JIMENEZ,15000,15000.0,2200.0,33000
POROTO,2015,SANTIAGO DEL ESTERO,PELLEGRINI,20000,20000.0,2000.0,40000
POROTO,2015,SANTIAGO DEL ESTERO,RIO HONDO,4000,4000.0,1800.0,7200
POROTO,2015,TUCUMAN,BURRUYACU,2400,2100.0,1290.0,2709
POROTO,2015,TUCUMAN,CRUZ ALTA,1600,1600.0,1400.0,2240
POROTO,2015,TUCUMAN,GRANEROS,1000,1000.0,1300.0,1300
POROTO,2015,TUCUMAN,LEALES,1400,1320.0,1300.0,1716
POROTO,2015,TUCUMAN,TRANCAS,2800,2440.0,1578.0,3850
POROTO,2016,CATAMARCA,EL ALTO,300,250.0,1100.0,275
POROTO,2016,CATAMARCA,SANTA ROSA,1500,1250.0,1400.0,1750
POROTO,2016,CORDOBA,SANTA MARIA,200,200.0,1800.0,360
POROTO,2016,JUJUY,EL CARMEN,6700,5159.0,1000.0,5159
POROTO,2016,JUJUY,SAN ANTONIO,1300,1001.0,1000.0,1001
POROTO,2016,JUJUY,SAN PEDRO,12700,9780.0,1000.0,9780
POROTO,2016,JUJUY,SANTA BARBARA,7783,5994.0,1000.0,5994
POROTO,2016,SALTA,ANTA,34067,34067.0,800.0,27253
POROTO,2016,SALTA,CACHI,280,280.0,700.0,196
POROTO,2016,SALTA,CAPITAL,8600,8600.0,1000.0,8600
POROTO,2016,SALTA,CERRILLOS,3000,3000.0,900.0,2700
POROTO,2016,SALTA,CHICOANA,350,350.0,900.0,315
POROTO,2016,SALTA,GENERAL GUEMES,7300,7300.0,1000.0,7300
POROTO,2016,SALTA,GENERAL JOSE DE SAN MARTIN,123175,123175.0,800.0,98540
POROTO,2016,SALTA,LA CANDELARIA,4400,4400.0,900.0,3960
POROTO,2016,SALTA,LA VINA,800,800.0,900.0,720
POROTO,2016,SALTA,METAN,15509,15509.0,900.0,13958
POROTO,2016,SALTA,ORAN,97623,97623.0,800.0,78098
POROTO,2016,SALTA,ROSARIO DE LA FRONTERA,37246,37246.0,900.0,33521
POROTO,2016,SALTA,ROSARIO DE LERMA,750,750.0,1000.0,750
POROTO,2016,SANTIAGO DEL ESTERO,CHOYA,5000,5000.0,2000.0,10000
POROTO,2016,SANTIAGO DEL ESTERO,GUASAYAN,5000,5000.0,2200.0,11000
POROTO,2016,SANTIAGO DEL ESTERO,JIMENEZ,15000,15000.0,2200.0,33000
POROTO,2016,SANTIAGO DEL ESTERO,PELLEGRINI,15000,15000.0,2200.0,33000
POROTO,2016,SANTIAGO DEL ESTERO,RIO HONDO,3000,3000.0,2000.0,6000
POROTO,2016,TUCUMAN,BURRUYACU,4300,3820.0,1200.0,4584
POROTO,2016,TUCUMAN,CRUZ ALTA,2000,1750.0,1200.0,2100
POROTO,2016,TUCUMAN,GRANEROS,1400,1200.0,1200.0,1440
POROTO,2016,TUCUMAN,LEALES,1900,1720.0,1200.0,2064
POROTO,2016,TUCUMAN,TRANCAS,3000,2900.0,1500.0,4350
POROTO,2017,CATAMARCA,EL ALTO,350,290.0,500.0,145
POROTO,2017,CATAMARCA,SANTA ROSA,2000,1770.0,700.0,1239
POROTO,2017,JUJUY,EL CARMEN,6700,6700.0,700.0,4690
POROTO,2017,JUJUY,SAN ANTONIO,1300,1300.0,700.0,910
POROTO,2017,JUJUY,SAN PEDRO,12700,12700.0,700.0,8890
POROTO,2017,JUJUY,SANTA BARBARA,7684,7684.0,700.0,5378
POROTO,2017,SALTA,ANTA,34067,34067.0,900.0,30660
POROTO,2017,SALTA,CACHI,348,348.0,1101.0,383
POROTO,2017,SALTA,CAPITAL,8600,8600.0,1100.0,9460
POROTO,2017,SALTA,CERRILLOS,3000,3000.0,1200.0,3600
POROTO,2017,SALTA,CHICOANA,350,350.0,1000.0,350
POROTO,2017,SALTA,GENERAL GUEMES,7300,7300.0,1000.0,7300
POROTO,2017,SALTA,GENERAL JOSE DE SAN MARTIN,123175,123175.0,1100.0,135492
POROTO,2017,SALTA,LA CANDELARIA,4400,4400.0,1000.0,4400
POROTO,2017,SALTA,LA VINA,800,800.0,1100.0,880
POROTO,2017,SALTA,METAN,14131,14131.0,900.0,12717
POROTO,2017,SALTA,ORAN,84724,84724.0,1100.0,93196
POROTO,2017,SALTA,ROSARIO DE LA FRONTERA,32640,32640.0,900.0,29376
POROTO,2017,SALTA,ROSARIO DE LERMA,750,750.0,1200.0,900
POROTO,2017,SANTIAGO DEL ESTERO,CHOYA,5000,5000.0,1500.0,7500
POROTO,2017,SANTIAGO DEL ESTERO,GUASAYAN,5000,5000.0,1800.0,9000
POROTO,2017,SANTIAGO DEL ESTERO,JIMENEZ,20000,20000.0,2000.0,40000
POROTO,2017,SANTIAGO DEL ESTERO,PELLEGRINI,18000,18000.0,2200.0,39600
POROTO,2017,SANTIAGO DEL ESTERO,RIO HONDO,3000,3000.0,2200.0,6600
POROTO,2017,TUCUMAN,BURRUYACU,5400,4950.0,893.0,4420
POROTO,2017,TUCUMAN,CRUZ ALTA,2600,2480.0,900.0,2232
POROTO,2017,TUCUMAN,GRANEROS,1800,1580.0,800.0,1264
POROTO,2017,TUCUMAN,LEALES,2800,2490.0,900.0,2241
POROTO,2017,TUCUMAN,TRANCAS,2500,2500.0,1280.0,3200
POROTO,2018,CATAMARCA,EL ALTO,200,170.0,1000.0,170
POROTO,2018,CATAMARCA,SANTA ROSA,2000,1850.0,1000.0,1850
POROTO,2018,JUJUY,EL CARMEN,6700,6700.0,1200.0,8040
POROTO,2018,JUJUY,SAN ANTONIO,1360,1360.0,1200.0,1632
POROTO,2018,JUJUY,SAN PEDRO,12700,12700.0,1200.0,15240
POROTO,2018,JUJUY,SANTA BARBARA,7684,7684.0,1200.0,9220
POROTO,2018,SALTA,ANTA,36572,36572.0,1200.0,43886
POROTO,2018,SALTA,CACHI,320,320.0,1400.0,448
POROTO,2018,SALTA,CAPITAL,8600,8600.0,1400.0,12040
POROTO,2018,SALTA,CERRILLOS,3000,3000.0,1300.0,3900
POROTO,2018,SALTA,CHICOANA,350,350.0,1300.0,455
POROTO,2018,SALTA,GENERAL GUEMES,7300,7300.0,1300.0,9490
POROTO,2018,SALTA,GENERAL JOSE DE SAN MARTIN,119297,119297.0,1344.0,160335
POROTO,2018,SALTA,LA CANDELARIA,4400,4400.0,1300.0,5720
POROTO,2018,SALTA,LA VINA,800,800.0,1200.0,960
POROTO,2018,SALTA,METAN,13399,13399.0,1300.0,17418
POROTO,2018,SALTA,ORAN,90742,90742.0,1261.0,114425
POROTO,2018,SALTA,ROSARIO DE LA FRONTERA,27953,27953.0,1300.0,36338
POROTO,2018,SALTA,ROSARIO DE LERMA,750,750.0,1400.0,1050
POROTO,2018,SANTIAGO DEL ESTERO,CHOYA,6000,6000.0,1800.0,10800
POROTO,2018,SANTIAGO DEL ESTERO,GUASAYAN,6000,6000.0,1800.0,10800
POROTO,2018,SANTIAGO DEL ESTERO,JIMENEZ,22000,22000.0,2000.0,44000
POROTO,2018,SANTIAGO DEL ESTERO,PELLEGRINI,20000,20000.0,2000.0,40000
POROTO,2018,SANTIAGO DEL ESTERO,RIO HONDO,5000,5000.0,2000.0,10000
POROTO,2018,TUCUMAN,BURRUYACU,4000,3800.0,1289.0,4898
POROTO,2018,TUCUMAN,CRUZ ALTA,2000,1900.0,1200.0,2280
POROTO,2018,TUCUMAN,GRANEROS,1200,1150.0,1200.0,1380
POROTO,2018,TUCUMAN,LEALES,1800,1700.0,1200.0,2040
POROTO,2018,TUCUMAN,TRANCAS,1300,1300.0,1369.0,1779
POROTO,2019,CATAMARCA,EL ALTO,200,180.0,600.0,108
POROTO,2019,CATAMARCA,SANTA ROSA,2400,2150.0,700.0,1505
POROTO,2019,JUJUY,EL CARMEN,6700,6700.0,1000.0,6700
POROTO,2019,JUJUY,SAN ANTONIO,1360,1360.0,1000.0,1360
POROTO,2019,JUJUY,SAN PEDRO,12700,12700.0,1000.0,12700
POROTO,2019,JUJUY,SANTA BARBARA,7684,7684.0,1000.0,7684
POROTO,2019,SALTA,ANTA,50019,50019.0,1100.0,55020
POROTO,2019,SALTA,CACHI,320,320.0,1100.0,352
POROTO,2019,SALTA,CAPITAL,8600,8600.0,1400.0,12040
POROTO,2019,SALTA,CERRILLOS,1500,1500.0,1300.0,1950
POROTO,2019,SALTA,CHICOANA,350,350.0,1300.0,455
POROTO,2019,SALTA,GENERAL GUEMES,7300,7300.0,1300.0,9490
POROTO,2019,SALTA,GENERAL JOSE DE SAN MARTIN,136713,136713.0,1324.0,181008
POROTO,2019,SALTA,LA CANDELARIA,3696,3696.0,1300.0,4804
POROTO,2019,SALTA,LA VINA,800,800.0,1200.0,960
POROTO,2019,SALTA,METAN,16883,16883.0,1281.0,21627
POROTO,2019,SALTA,ORAN,116214,116214.0,1245.0,144686
POROTO,2019,SALTA,ROSARIO DE LA FRONTERA,30818,30818.0,1260.0,38830
POROTO,2019,SALTA,ROSARIO DE LERMA,375,375.0,1400.0,525
POROTO,2019,SANTIAGO DEL ESTERO,CHOYA,6000,6000.0,2000.0,12000
POROTO,2019,SANTIAGO DEL ESTERO,GUASAYAN,6000,6000.0,2000.0,12000
POROTO,2019,SANTIAGO DEL ESTERO,JIMENEZ,20000,20000.0,2000.0,40000
POROTO,2019,SANTIAGO DEL ESTERO,PELLEGRINI,15000,15000.0,2000.0,30000
POROTO,2019,SANTIAGO DEL ESTERO,RIO HONDO,5000,5000.0,2000.0,10000
POROTO,2019,TUCUMAN,BURRUYACU,7200,6730.0,897.0,6036
POROTO,2019,TUCUMAN,CRUZ ALTA,700,590.0,900.0,531
POROTO,2019,TUCUMAN,GRANEROS,2800,2650.0,600.0,1590
POROTO,2019,TUCUMAN,LEALES,2000,1840.0,600.0,1104
POROTO,2019,TUCUMAN,TRANCAS,1450,1350.0,963.0,1300
POROTO,2020,CATAMARCA,EL ALTO,600,600.0,1200.0,720
POROTO,2020,CATAMARCA,SANTA ROSA,2900,2820.0,1400.0,3948
POROTO,2020,CORDOBA,SANTA MARIA,100,100.0,1700.0,170
POROTO,2020,JUJUY,EL CARMEN,8040,8040.0,1500.0,12060
POROTO,2020,JUJUY,SAN ANTONIO,1560,1560.0,1500.0,2340
POROTO,2020,JUJUY,SAN PEDRO,15240,15240.0,1500.0,22860
POROTO,2020,JUJUY,SANTA BARBARA,11842,11842.0,1500.0,17763
POROTO,2020,SALTA,ANTA,68454,68454.0,1323.0,90564
POROTO,2020,SALTA,CACHI,320,320.0,1100.0,352
POROTO,2020,SALTA,CAPITAL,7600,7600.0,1500.0,11400
POROTO,2020,SALTA,CERRILLOS,1651,1651.0,1500.0,2476
POROTO,2020,SALTA,CHICOANA,350,350.0,1500.0,525
POROTO,2020,SALTA,GENERAL GUEMES,7300,7300.0,1370.0,10001
POROTO,2020,SALTA,GENERAL JOSE DE SAN MARTIN,156864,156864.0,1396.0,218982
POROTO,2020,SALTA,LA CANDELARIA,3696,3696.0,1266.0,4679
POROTO,2020,SALTA,LA VINA,800,800.0,1200.0,960
POROTO,2020,SALTA,METAN,18583,18583.0,1347.0,25031
POROTO,2020,SALTA,ORAN,93932,93932.0,1349.0,126714
POROTO,2020,SALTA,ROSARIO DE LA FRONTERA,32066,32066.0,1322.0,42391
POROTO,2020,SALTA,ROSARIO DE LERMA,430,430.0,1400.0,602
POROTO,2020,SANTIAGO DEL ESTERO,CHOYA,6650,6650.0,1980.0,13167
POROTO,2020,SANTIAGO DEL ESTERO,GUASAYAN,6550,6550.0,1983.0,12988
POROTO,2020,SANTIAGO DEL ESTERO,JIMENEZ,20830,20830.0,2184.0,45492
POROTO,2020,SANTIAGO DEL ESTERO,PELLEGRINI,15650,15650.0,1992.0,31174
POROTO,2020,SANTIAGO DEL ESTERO,RIO HONDO,5230,5230.0,1991.0,10412
POROTO,2020,TUCUMAN,BURRUYACU,5100,5040.0,1394.0,7025
POROTO,2020,TUCUMAN,CRUZ ALTA,850,850.0,1400.0,1190
POROTO,2020,TUCUMAN,GRANEROS,2100,2060.0,1200.0,2472
POROTO,2020,TUCUMAN,LEALES,1900,1880.0,1300.0,2444
POROTO,2020,TUCUMAN,TRANCAS,1350,1350.0,1500.0,2025
POROTO,2021,CATAMARCA,EL ALTO,600,520.0,1000.0,520
POROTO,2021,CATAMARCA,SANTA ROSA,3500,3210.0,1300.0,4173
POROTO,2021,CORDOBA,SANTA MARIA,150,150.0,1700.0,255
POROTO,2021,JUJUY,EL CARMEN,8040,8040.0,800.0,6432
POROTO,2021,JUJUY,SAN ANTONIO,1560,1560.0,800.0,1248
POROTO,2021,JUJUY,SAN PEDRO,15240,15240.0,800.0,12192
POROTO,2021,JUJUY,SANTA BARBARA,13388,13388.0,800.0,10710
POROTO,2021,SALTA,ANTA,69090,69090.0,1351.0,93340
POROTO,2021,SALTA,CACHI,320,305.0,1200.0,366
POROTO,2021,SALTA,CAPITAL,7300,7300.0,1434.0,10468
POROTO,2021,SALTA,CERRILLOS,1761,1761.0,1423.0,2505
POROTO,2021,SALTA,CHICOANA,365,365.0,1493.0,544
POROTO,2021,SALTA,GENERAL GUEMES,9900,9900.0,1360.0,13464
POROTO,2021,SALTA,GENERAL JOSE DE SAN MARTIN,155464,155464.0,1230.0,191220
POROTO,2021,SALTA,LA CANDELARIA,3737,3737.0,1267.0,4734
POROTO,2021,SALTA,LA VINA,650,650.0,1200.0,780
POROTO,2021,SALTA,METAN,22083,22083.0,1376.0,30386
POROTO,2021,SALTA,ORAN,99636,99636.0,1216.0,121157
POROTO,2021,SALTA,ROSARIO DE LA FRONTERA,29866,29866.0,1330.0,39721
POROTO,2021,SALTA,ROSARIO DE LERMA,320,320.0,1400.0,448
POROTO,2021,SANTIAGO DEL ESTERO,CHOYA,6650,6650.0,1471.0,9782
POROTO,2021,SANTIAGO DEL ESTERO,GUASAYAN,6000,6000.0,1500.0,9000
POROTO,2021,SANTIAGO DEL ESTERO,JIMENEZ,20800,20800.0,1500.0,31200
POROTO,2021,SANTIAGO DEL ESTERO,PELLEGRINI,15700,15700.0,1500.0,23550
POROTO,2021,SANTIAGO DEL ESTERO,RIO HONDO,5250,5250.0,1500.0,7875
POROTO,2021,TUCUMAN,BURRUYACU,5850,5600.0,1200.0,6720
POROTO,2021,TUCUMAN,CRUZ ALTA,900,870.0,1300.0,1131
POROTO,2021,TUCUMAN,GRANEROS,2400,2300.0,1200.0,2760
POROTO,2021,TUCUMAN,LEALES,2400,2180.0,1200.0,2616
POROTO,2021,TUCUMAN,TRANCAS,1600,1600.0,1400.0,2240
POROTO,2022,CATAMARCA,EL ALTO,600,450.0,600.0,270
POROTO,2022,CATAMARCA,SANTA ROSA,3900,3700.0,800.0,2960
POROTO,2022,JUJUY,EL CARMEN,6788,6788.0,800.0,5430
POROTO,2022,JUJUY,SAN PEDRO,12934,12934.0,800.0,10347
POROTO,2022,JUJUY,SANTA BARBARA,18582,18582.0,800.0,14865
POROTO,2022,SALTA,ANTA,69090,69090.0,1354.0,93547
POROTO,2022,SALTA,CACHI,320,320.0,800.0,256
POROTO,2022,SALTA,CAPITAL,4100,4100.0,1371.0,5621
POROTO,2022,SALTA,CERRILLOS,2110,2110.0,1362.0,2873
POROTO,2022,SALTA,CHICOANA,365,365.0,1396.0,509
POROTO,2022,SALTA,GENERAL GUEMES,13461,13461.0,1272.0,17122
POROTO,2022,SALTA,GENERAL JOSE DE SAN MARTIN,155464,155464.0,1288.0,200237
POROTO,2022,SALTA,LA CANDELARIA,3737,3737.0,1367.0,5108
POROTO,2022,SALTA,LA VINA,650,650.0,1300.0,845
POROTO,2022,SALTA,METAN,22083,22083.0,1476.0,32594
POROTO,2022,SALTA,ORAN,99636,99636.0,1303.0,129825
POROTO,2022,SALTA,ROSARIO DE LA FRONTERA,29866,29866.0,1365.0,40767
POROTO,2022,SALTA,ROSARIO DE LERMA,320,320.0,1444.0,462
POROTO,2022,SANTIAGO DEL ESTERO,CHOYA,6700,6700.0,1948.0,13051
POROTO,2022,SANTIAGO DEL ESTERO,GUASAYAN,8200,8200.0,1971.0,16162
POROTO,2022,SANTIAGO DEL ESTERO,JIMENEZ,21300,21300.0,2469.0,52589
POROTO,2022,SANTIAGO DEL ESTERO,PELLEGRINI,15700,15700.0,2000.0,31400
POROTO,2022,SANTIAGO DEL ESTERO,RIO HONDO,10000,10000.0,2000.0,20000
POROTO,2022,TUCUMAN,BURRUYACU,7950,7700.0,800.0,6160
POROTO,2022,TUCUMAN,CRUZ ALTA,1500,1450.0,1000.0,1450
POROTO,2022,TUCUMAN,GRANEROS,3000,2820.0,800.0,2256
POROTO,2022,TUCUMAN,LEALES,3100,2880.0,700.0,2016
POROTO,2022,TUCUMAN,TRANCAS,1400,1400.0,800.0,1120
POROTO,2023,CATAMARCA,EL ALTO,600,570.0,800.0,456
POROTO,2023,CATAMARCA,SANTA ROSA,3900,3855.0,700.0,2698
POROTO,2023,CORDOBA,SANTA MARIA,150,150.0,1800.0,270
POROTO,2023,JUJUY,EL CARMEN,6788,6588.0,1000.0,6588
POROTO,2023,JUJUY,SAN PEDRO,12934,12114.0,1000.0,12114
POROTO,2023,JUJUY,SANTA BARBARA,18580,17745.0,1000.0,17745
POROTO,2023,SALTA,ANTA,69090,69090.0,800.0,55272
POROTO,2023,SALTA,CACHI,320,320.0,1100.0,352
POROTO,2023,SALTA,CAPITAL,4100,4100.0,744.0,3050
POROTO,2023,SALTA,CERRILLOS,2110,2110.0,718.0,1514
POROTO,2023,SALTA,CHICOANA,365,365.0,792.0,289
POROTO,2023,SALTA,GENERAL GUEMES,13461,13461.0,779.0,10486
POROTO,2023,SALTA,GENERAL JOSE DE SAN MARTIN,155564,154164.0,746.0,115006
POROTO,2023,SALTA,LA CANDELARIA,3737,3737.0,715.0,2671
POROTO,2023,SALTA,LA VINA,350,350.0,780.0,273
POROTO,2023,SALTA,METAN,22083,22083.0,780.0,17224
POROTO,2023,SALTA,ORAN,99836,98636.0,740.0,72990
POROTO,2023,SALTA,ROSARIO DE LA FRONTERA,29866,29866.0,787.0,23504
POROTO,2023,SALTA,ROSARIO DE LERMA,320,320.0,794.0,254
POROTO,2023,SANTIAGO DEL ESTERO,CHOYA,6430,6395.0,864.0,5525
POROTO,2023,SANTIAGO DEL ESTERO,GUASAYAN,7900,7815.0,922.0,7205
POROTO,2023,SANTIAGO DEL ESTERO,JIMENEZ,20410,20300.0,875.0,17762
POROTO,2023,SANTIAGO DEL ESTERO,PELLEGRINI,15000,14925.0,976.0,14566
POROTO,2023,SANTIAGO DEL ESTERO,RIO HONDO,12850,12755.0,1061.0,13533
POROTO,2023,TUCUMAN,BURRUYACU,8100,7950.0,857.0,6813
POROTO,2023,TUCUMAN,CRUZ ALTA,1800,1725.0,1100.0,1897
POROTO,2023,TUCUMAN,GRANEROS,2330,2245.0,800.0,1796
POROTO,2023,TUCUMAN,LEALES,3300,3200.0,800.0,2560
POROTO,2023,TUCUMAN,TRANCAS,1400,1360.0,1452.0,1974
POROTO,2024,CATAMARCA,EL ALTO,1000,850.0,600.0,510
POROTO,2024,CATAMARCA,SANTA ROSA,3700,3360.0,600.0,2016
POROTO,2024,CORDOBA,SANTA MARIA,250,250.0,1000.0,250
POROTO,2024,JUJUY,EL CARMEN,968,968.0,1200.0,1161
POROTO,2024,JUJUY,SAN PEDRO,9850,9850.0,1200.0,11820
POROTO,2024,JUJUY,SANTA BARBARA,15500,15500.0,1200.0,18600
POROTO,2024,SALTA,ANTA,83114,83114.0,1342.0,111538
POROTO,2024,SALTA,CACHI,1160,600.0,1200.0,720
POROTO,2024,SALTA,CAPITAL,4100,820.0,1349.0,1106
POROTO,2024,SALTA,CERRILLOS,2010,1810.0,1400.0,2534
POROTO,2024,SALTA,CHICOANA,165,165.0,1303.0,214
POROTO,2024,SALTA,GENERAL GUEMES,19150,17590.0,1199.0,21090
POROTO,2024,SALTA,GENERAL JOSE DE SAN MARTIN,194681,181681.0,1100.0,199849
POROTO,2024,SALTA,LA CANDELARIA,3946,3646.0,1300.0,4739
POROTO,2024,SALTA,LA VINA,130,130.0,1300.0,169
POROTO,2024,SALTA,METAN,27683,27683.0,1400.0,38756
POROTO,2024,SALTA,ORAN,109540,106540.0,1100.0,117194
POROTO,2024,SALTA,ROSARIO DE LA FRONTERA,33966,31966.0,1364.0,43601
POROTO,2024,SALTA,ROSARIO DE LERMA,430,380.0,1371.0,520
POROTO,2024,SANTIAGO DEL ESTERO,CHOYA,8350,8195.0,1900.0,15570
POROTO,2024,SANTIAGO DEL ESTERO,GUASAYAN,10300,10096.0,1843.0,18606
POROTO,2024,SANTIAGO DEL ESTERO,JIMENEZ,26625,26450.0,1841.0,48694
POROTO,2024,SANTIAGO DEL ESTERO,PELLEGRINI,19675,19468.0,1826.0,35548
POROTO,2024,SANTIAGO DEL ESTERO,RIO HONDO,12500,12415.0,1700.0,21105
POROTO,2024,TUCUMAN,BURRUYACU,8000,7430.0,798.0,5929
POROTO,2024,TUCUMAN,CRUZ ALTA,1400,1290.0,810.0,1044
POROTO,2024,TUCUMAN,GRANEROS,3100,2850.0,710.0,2023
POROTO,2024,TUCUMAN,LEALES,3200,2900.0,720.0,2088
POROTO,2024,TUCUMAN,TRANCAS,1250,1220.0,1180.0,1439
